ID,LocalDate,LocalTime,GMTDate,GMTTime,lat,long,Temperature,Speed,Direction,Altitude,Cov,HDOP,Distance,Count
1SAT32,26/10/2011,07:40:35,25/10/2011,23:40:35,1.237206,566.222302,24.5,0.24,0,16.7c,0,1.64,0,1
2SAT32,26/10/2011,15:41:35,26/10/2011,07:41:35,1.233202,566.208266,29,0.76,0,65.4c,0,1.74,548,2
3SAT32,26/10/2011,23:40:35,26/10/2011,15:40:35,1.233732,566.208599,27,0.86,0,d72.3,0,2.18,61,3
4SAT32,27/10/2011,23:40:34,27/10/2011,15:40:34,1.255738,566.28364,28,0.16,0,43.3c,0,1.89,8669,4
5SAT32,28/10/2011,07:42:53,27/10/2011,23:42:53,1.256503,566.287684,27.5,1.46,0,25.0c,1,2.5,456,5
6SAT32,28/10/2011,15:41:05,28/10/2011,07:41:05,1.283322,566.636542,33.5,0.06,0,40.8c,5,1.45,5800,6
7SAT32,28/10/2011,15:41:05,28/10/2011,07:41:05,1.283322,566.636542,33.5,0.06,0,40.8c,5,1.45,0,7
8SAT32,28/10/2011,15:41:05,28/10/2011,07:41:05,1.283322,566.636542,33.5,0.06,0,40.8c,5,1.45,0,8
9SAT32,28/10/2011,19:40:34,28/10/2011,11:40:34,1.279701,566.643606,29,0.14,0,13.8c,4,0.95,1291,9
10SAT32,28/10/2011,19:40:34,28/10/2011,11:40:34,1.279701,566.643606,29,0.14,0,13.8c,5,0.95,0,10
11SAT32,28/10/2011,23:42:05,28/10/2011,15:42:05,1.283136,566.638404,29,0.02,0,13.9c,0,1.68,692,11
12SAT32,29/10/2011,03:41:53,28/10/2011,19:41:53,1.285262,566.638249,28,0.04,0,18.7c,1,1.63,238,12
13SAT32,29/10/2011,07:41:23,28/10/2011,23:41:23,1.285783,566.638965,28,0.42,0,d12.0,0,2.67,107,13
14SAT32,29/10/2011,19:41:53,29/10/2011,11:41:53,1.272221,566.666263,28.5,0.72,0,11.9c,0,2.11,2981,14
15SAT32,29/10/2011,23:43:01,29/10/2011,15:43:01,1.272822,566.668782,28.5,0.72,0,1.5cd,0,2.96,788,15
16SAT32,30/10/2011,03:40:34,29/10/2011,19:40:34,1.277372,566.665969,27,0.82,0,7.1cd,2,2.09,422,16
17SAT32,30/10/2011,07:41:05,29/10/2011,23:41:05,1.281323,566.663924,27,1,0,3.2cd,0,1.85,495,17
18SAT32,30/10/2011,07:41:05,29/10/2011,23:41:05,1.281323,566.663924,27,1.02,0,3.2cd,3,1.85,0,18
19SAT32,30/10/2011,11:40:58,30/10/2011,03:40:58,1.282679,566.659586,31.5,0.65,0,17.6c,1,1.74,608,19
20SAT32,30/10/2011,19:40:34,30/10/2011,11:40:34,1.290855,566.672538,28,0.52,0,9.0cd,5,1.79,1492,20
21SAT32,30/10/2011,23:40:34,30/10/2011,15:40:34,1.291267,566.672263,27,0.88,0,18.9c,5,1.04,65,21
22SAT32,31/10/2011,03:40:34,30/10/2011,19:40:34,1.291361,566.670086,26.5,0.25,0,10.5c,5,1.4,116,22
23SAT32,31/10/2011,07:40:34,30/10/2011,23:40:34,1.29392,566.668887,27.5,0.21,0,23.9c,1,1.89,314,23
24SAT32,31/10/2011,11:41:05,31/10/2011,03:41:05,1.295372,566.668407,31,0.21,0,27.1c,0,1.52,170,24
25SAT32,31/10/2011,15:40:34,31/10/2011,07:40:34,1.283728,566.686755,31.5,1.11,0,10.6c,5,1.42,2051,25
26SAT32,31/10/2011,19:40:34,31/10/2011,11:40:34,1.291227,566.689564,30,0.58,0,9.9cd,5,1.17,1127,26
27SAT32,31/10/2011,23:40:34,31/10/2011,15:40:34,1.290913,566.693655,28.5,0.79,0,21.3c,5,1.77,411,27
28SAT32,01/11/2011,03:40:53,31/10/2011,19:40:53,1.29026,566.696553,28,0.1,0,55.1c,0,3.08,106,28
29SAT32,01/11/2011,07:41:05,31/10/2011,23:41:05,1.290226,566.69254,28,0.47,0,3.7cd,0,5.96,112,29
30SAT32,01/11/2011,11:40:59,01/11/2011,03:40:59,1.287352,566.696226,31.5,0.17,0,23.1c,5,1.63,326,30
31SAT32,01/11/2011,15:40:34,01/11/2011,07:40:34,1.291728,566.690606,32,0.26,0,14.6c,5,0.85,533,31
32SAT32,01/11/2011,19:40:34,01/11/2011,11:40:34,1.293226,566.6897,29.5,0.06,0,28.6c,5,1.63,176,32
33SAT32,01/11/2011,23:40:34,01/11/2011,15:40:34,1.290522,566.692683,28.5,0.4,0,14.4c,0,1.57,350,33
34SAT32,02/11/2011,03:41:25,01/11/2011,19:41:25,1.286871,566.690269,28,0.2,0,5.1cd,5,1.79,425,34
35SAT32,02/11/2011,07:40:34,01/11/2011,23:40:34,1.290225,566.696253,28.5,0.7,0,15.5c,5,1.43,453,35
36SAT32,02/11/2011,11:41:37,02/11/2011,03:41:37,1.291029,566.696068,31.5,0.97,0,17.5c,4,2.68,70,36
37SAT32,02/11/2011,15:40:34,02/11/2011,07:40:34,1.291961,566.689974,32.5,0.27,0,18.0c,5,0.89,253,37
38SAT32,02/11/2011,19:40:34,02/11/2011,11:40:34,1.293268,566.689656,29.5,0.27,0,15.6c,5,1.13,166,38
39SAT32,02/11/2011,23:40:34,02/11/2011,15:40:34,1.29223,566.69096,28.5,0.96,0,17.7c,4,1.98,213,39
40SAT32,03/11/2011,03:40:52,02/11/2011,19:40:52,1.293221,566.692376,28,0.4,0,4.1cd,0,1.4,101,40
41SAT32,03/11/2011,07:40:34,02/11/2011,23:40:34,1.292131,566.690906,28.5,0.3,0,3.1cd,0,1.35,93,41
42SAT32,03/11/2011,11:41:04,03/11/2011,03:41:04,1.292699,566.692806,32.5,0.6,0,11.9c,0,2.59,188,42
43SAT32,03/11/2011,15:41:00,03/11/2011,07:41:00,1.293913,566.690866,31.5,0.7,0,6.5cd,5,2.47,173,43
44SAT32,03/11/2011,19:40:34,03/11/2011,11:40:34,1.292059,566.689987,28.5,2.1,0,18.9c,5,1.33,226,44
45SAT32,04/11/2011,03:41:08,03/11/2011,19:41:08,1.512929,566.307428,28,0.62,0,26.1c,3,1.91,3023,45
46SAT32,04/11/2011,11:42:06,04/11/2011,03:42:06,1.523929,566.323062,31.5,0.82,0,21.8c,2,1.81,1373,46
47SAT32,04/11/2011,19:41:41,04/11/2011,11:41:41,1.555282,566.3675,30,0.42,0,343.4,2,2.38,3860,47
48SAT32,04/11/2011,23:40:34,04/11/2011,15:40:34,1.55833,566.336364,28.5,0.17,0,15.8c,3,1.2,621,48
49SAT32,04/11/2011,23:40:34,04/11/2011,15:40:34,1.55833,566.336364,28.5,0.1,0,15.8c,3,1.2,0,49
50SAT32,05/11/2011,03:40:35,04/11/2011,19:40:35,1.55985,566.334866,28.5,0.6,0,38.2c,0,1.27,328,50
51SAT32,05/11/2011,03:40:35,04/11/2011,19:40:35,1.55985,566.334866,28.5,0.67,0,38.2c,0,1.27,0,51
52SAT32,05/11/2011,07:42:23,04/11/2011,23:42:23,1.559727,566.33587,28.5,0.1,0,36.0c,2,2.14,113,52
53SAT32,05/11/2011,07:42:23,04/11/2011,23:42:23,1.559727,566.33587,28.5,0.17,0,36.0c,2,2.14,0,53
54SAT32,05/11/2011,11:41:06,05/11/2011,03:41:06,1.55996,566.337559,31.5,0.2,0,14.0c,4,2.33,189,54
55SAT32,05/11/2011,11:41:06,05/11/2011,03:41:06,1.55996,566.337559,31.5,0.27,0,14.0c,4,2.33,0,55
56SAT32,05/11/2011,11:41:06,05/11/2011,03:41:06,1.55996,566.337559,31.5,0.2,0,14.0c,5,2.33,0,56
57SAT32,05/11/2011,19:40:34,05/11/2011,11:40:34,1.596937,566.36266,27.5,0.57,0,23.3c,3,1.32,4479,57
58SAT32,05/11/2011,23:40:34,05/11/2011,15:40:34,1.60282,566.364606,27.5,0.06,0,18.3c,5,1.05,717,58
59SAT32,06/11/2011,03:40:34,05/11/2011,19:40:34,1.602083,566.364036,27.5,0.21,0,6.8cd,5,1.05,86,59
60SAT32,06/11/2011,07:41:05,05/11/2011,23:41:05,1.60173,566.363242,28,0.41,0,15.2c,0,2.6,106,60
61SAT32,06/11/2011,11:41:07,06/11/2011,03:41:07,1.600667,566.366766,30,0.31,0,10.3c,0,2.19,127,61
62SAT32,06/11/2011,15:40:34,06/11/2011,07:40:34,1.603218,566.364232,34.5,0.21,0,17.3c,5,2.23,344,62
63SAT32,06/11/2011,19:40:34,06/11/2011,11:40:34,1.602285,566.365666,29.5,0.35,0,4.1cd,5,1.3,155,63
64SAT32,06/11/2011,23:40:34,06/11/2011,15:40:34,1.607996,566.330685,28.5,0.29,0,10.2c,5,1.5,696,64
65SAT32,07/11/2011,03:40:34,06/11/2011,19:40:34,1.610753,566.334856,28,0.1,0,6.8cd,5,1.2,592,65
66SAT32,07/11/2011,07:40:34,06/11/2011,23:40:34,1.610928,566.335836,28,0.28,0,20.9c,5,1.4,110,66
67SAT32,07/11/2011,11:41:07,07/11/2011,03:41:07,1.603775,566.336368,29.5,3.08,0,17.6c,2,12,798,67
68SAT32,07/11/2011,19:44:12,07/11/2011,11:44:12,1.620862,566.357262,29.5,2.01,0,d49.0,3,1.88,2987,68
69SAT32,07/11/2011,23:40:34,07/11/2011,15:40:34,1.62186,566.363039,29,0.84,0,24.1c,0,2.15,665,69
70SAT32,08/11/2011,03:40:34,07/11/2011,19:40:34,1.623708,566.362708,28.5,0.24,0,d25.9,4,4.44,253,70
71SAT32,08/11/2011,07:41:08,07/11/2011,23:41:08,1.62308,566.359995,29,0.68,0,2.8cd,5,8.06,202,71
72SAT32,08/11/2011,11:41:05,08/11/2011,03:41:05,1.622662,566.360976,34,0.15,0,14.4c,2,1.31,118,72
73SAT32,08/11/2011,15:40:34,08/11/2011,07:40:34,1.621528,566.366603,31.5,0.15,0,4.9cd,4,1.4,219,73
74SAT32,08/11/2011,23:40:34,08/11/2011,15:40:34,1.625102,566.367936,28,1.56,0,13.3c,1,1.31,2688,74
75SAT32,09/11/2011,03:40:34,08/11/2011,19:40:34,1.622732,566.36589,27,0.26,0,10.9c,4,1.05,230,75
76SAT32,09/11/2011,07:41:23,08/11/2011,23:41:23,1.623228,566.365366,27,0.23,0,0.2cd,0,1.8,155,76
77SAT32,09/11/2011,11:41:10,09/11/2011,03:41:10,1.627522,566.376488,31.5,0.33,0,15.6c,0,2.16,1938,77
78SAT32,09/11/2011,15:40:34,09/11/2011,07:40:34,1.622172,566.367872,31.5,0.53,0,4.1cd,5,1.77,787,78
79SAT32,09/11/2011,19:42:30,09/11/2011,11:42:30,1.612019,566.350427,30,0.81,0,21.8c,3,1.76,2240,79
80SAT32,09/11/2011,23:40:34,09/11/2011,15:40:34,1.609287,566.352965,29,0.21,0,21.7c,5,1.38,349,80
81SAT32,10/11/2011,03:40:34,09/11/2011,19:40:34,1.611835,566.350864,28.5,0.29,0,16.9c,3,1.19,311,81
82SAT32,10/11/2011,07:40:34,09/11/2011,23:40:34,1.611817,566.352587,28.5,0.12,0,5.5cd,2,1.8,85,82
83SAT32,10/11/2011,11:44:13,10/11/2011,03:44:13,1.605957,566.352536,32,1.59,0,d15.6,5,1.79,652,83
84SAT32,10/11/2011,15:41:35,10/11/2011,07:41:35,1.592659,566.344663,32.5,0.86,0,38.1c,4,1.6,1667,84
85SAT32,10/11/2011,19:40:34,10/11/2011,11:40:34,1.586626,566.369985,-35.5,0.17,0,18.5c,5,1,1755,85
86SAT32,11/11/2011,03:40:34,10/11/2011,19:40:34,1.597266,566.338066,27.5,0.07,0,7.3cd,3,1.48,1502,86
87SAT32,11/11/2011,07:41:53,10/11/2011,23:41:53,1.598293,566.335462,27.5,1.5,0,10.9c,3,3.15,307,87
88SAT32,11/11/2011,11:42:24,11/11/2011,03:42:24,1.601326,566.346939,32,0.17,0,d0.4c,0,1.32,900,88
89SAT32,11/11/2011,15:40:34,11/11/2011,07:40:34,1.608052,566.349528,29,0.27,0,18.3c,4,1.11,1043,89
90SAT32,11/11/2011,19:41:31,11/11/2011,11:41:31,1.63938,566.344359,28,0.67,0,47.8c,2,1.67,3534,90
91SAT32,11/11/2011,23:40:34,11/11/2011,15:40:34,1.621303,566.348996,27.5,0.27,0,16.0c,5,0.76,556,91
92SAT32,12/11/2011,03:40:34,11/11/2011,19:40:34,1.625187,566.359446,27.5,0.44,0,15.9c,2,1.81,1236,92
93SAT32,12/11/2011,07:41:41,11/11/2011,23:41:41,1.626181,566.360292,28,0.96,0,d34.6,0,3.87,138,93
94SAT32,12/11/2011,11:40:35,12/11/2011,03:40:35,1.660118,566.372475,31.5,0.16,0,9.9cd,0,1.32,1992,94
95SAT32,12/11/2011,19:41:35,12/11/2011,11:41:35,1.671301,566.392866,30,1.96,0,11.9c,5,2.35,2579,95
96SAT32,12/11/2011,23:41:04,12/11/2011,15:41:04,1.665822,566.403456,28.5,1.14,0,19.7c,0,1.94,1421,96
97SAT32,13/11/2011,03:40:54,12/11/2011,19:40:54,1.665222,566.403029,28.5,0.74,0,23.4c,0,5.55,82,97
98SAT32,13/11/2011,07:41:40,12/11/2011,23:41:40,1.669173,566.406235,28.5,0.24,0,22.1c,2,5.59,448,98
99SAT32,13/11/2011,11:40:36,13/11/2011,03:40:36,1.672,566.393,30,0.54,0,34.3c,3,3.87,1146,99
100SAT32,13/11/2011,15:40:34,13/11/2011,07:40:34,1.676665,566.393323,33,0.24,0,10.6c,4,0.91,299,100
101SAT32,13/11/2011,19:40:34,13/11/2011,11:40:34,1.679592,566.390782,28.5,0.33,0,6.0cd,5,0.9,430,101
102SAT32,13/11/2011,23:40:34,13/11/2011,15:40:34,1.681083,566.390469,27.5,0.03,0,10.2c,5,0.81,170,102
103SAT32,14/11/2011,03:40:34,13/11/2011,19:40:34,1.683758,566.394497,27.5,0.72,0,15.0c,4,0.96,536,103
104SAT32,14/11/2011,07:40:34,13/11/2011,23:40:34,1.682827,566.394868,28,0.16,0,13.2c,5,2.36,127,104
105SAT32,14/11/2011,11:40:34,14/11/2011,03:40:34,1.685885,566.394866,30,0.62,0,18.3c,1,1.47,116,105
106SAT32,14/11/2011,15:41:35,14/11/2011,07:41:35,1.685156,566.395637,32,0.02,0,d11.7,0,1.54,118,106
107SAT32,14/11/2011,19:40:34,14/11/2011,11:40:34,1.685182,566.378546,29,0.42,0,5.3cd,0,1.25,1893,107
108SAT32,14/11/2011,23:40:34,14/11/2011,15:40:34,1.683757,566.386974,28.5,0.82,0,10.3c,0,3.5,516,108
109SAT32,15/11/2011,03:40:34,14/11/2011,19:40:34,1.683193,566.384634,28,0.52,0,11.5c,2,1.2,153,109
110SAT32,15/11/2011,07:42:29,14/11/2011,23:42:29,1.681813,566.380366,28.5,1.01,0,22.9c,0,4.78,455,110
111SAT32,15/11/2011,11:42:02,15/11/2011,03:42:02,1.676222,566.386062,29.5,2.66,0,27.5c,0,2.32,881,111
112SAT32,15/11/2011,15:41:16,15/11/2011,07:41:16,1.679251,566.38266,32,0.16,0,63.1c,0,2.31,601,112
113SAT32,15/11/2011,19:40:34,15/11/2011,11:40:34,1.682381,566.386584,29.5,0.04,0,10.9c,0,1.16,635,113
114SAT32,15/11/2011,23:40:34,15/11/2011,15:40:34,1.682232,566.394566,28,0.28,0,15.3c,3,0.81,907,114
115SAT32,16/11/2011,03:40:34,15/11/2011,19:40:34,1.682518,566.394747,27.5,0.06,0,13.3c,5,1.11,38,115
116SAT32,16/11/2011,07:40:34,15/11/2011,23:40:34,1.682331,566.394627,28.5,0.52,0,2.8cd,4,3.27,62,116
117SAT32,16/11/2011,11:41:00,16/11/2011,03:41:00,1.687622,566.395063,33.5,0.22,0,5.7cd,5,1.89,378,117
118SAT32,16/11/2011,15:40:34,16/11/2011,07:40:34,1.68713,566.395846,36,0.68,0,19.5c,5,0.92,102,118
119SAT32,16/11/2011,19:40:34,16/11/2011,11:40:34,1.686952,566.396363,29.5,0.08,0,4.3cd,2,1.02,57,119
120SAT32,16/11/2011,23:40:34,16/11/2011,15:40:34,1.688062,566.396238,28.5,0.38,0,13.6c,5,0.9,125,120
121SAT32,17/11/2011,03:40:34,16/11/2011,19:40:34,1.68767,566.397057,27,0.07,0,11.2c,5,0.85,111,121
122SAT32,17/11/2011,07:40:34,16/11/2011,23:40:34,1.685312,566.394725,27.5,0.09,0,9.8cd,1,0.98,369,122
123SAT32,17/11/2011,11:40:54,17/11/2011,03:40:54,1.685516,566.394565,32.5,0.49,0,10.0c,3,6.6,31,123
124SAT32,17/11/2011,15:41:04,17/11/2011,07:41:04,1.689022,566.395665,33,0.39,0,14.7c,5,1.31,400,124
125SAT32,17/11/2011,19:40:34,17/11/2011,11:40:34,1.689213,566.396765,29.5,0.39,0,10.4c,5,0.83,176,125
126SAT32,17/11/2011,23:40:34,17/11/2011,15:40:34,1.689287,566.397369,28,0.79,0,14.1c,5,0.9,63,126
127SAT32,18/11/2011,03:40:34,17/11/2011,19:40:34,1.696177,566.389546,28.5,0.21,0,14.2c,4,0.98,1140,127
128SAT32,18/11/2011,07:40:34,17/11/2011,23:40:34,1.699001,566.392663,28.5,2.95,0,3.8cd,5,0.98,365,128
129SAT32,18/11/2011,11:41:05,18/11/2011,03:41:05,1.702293,566.396946,28.5,0.04,0,7.1cd,0,1.49,640,129
130SAT32,18/11/2011,15:40:34,18/11/2011,07:40:34,1.702033,566.394786,-33.5,0.1,0,11.3c,2,1.06,211,130
131SAT32,18/11/2011,19:40:34,18/11/2011,11:40:34,1.706382,566.395558,29,0.55,0,2.5cd,3,1.4,275,131
132SAT32,18/11/2011,23:40:34,18/11/2011,15:40:34,1.706023,566.39662,28,0.55,0,13.1c,3,0.9,83,132
133SAT32,19/11/2011,03:40:34,18/11/2011,19:40:34,1.706827,566.395943,28,0.05,0,13.8c,5,1.24,96,133
134SAT32,19/11/2011,07:40:35,18/11/2011,23:40:35,1.705017,566.394323,29,0.64,0,9.5cd,5,11.1,272,134
135SAT32,19/11/2011,11:40:34,19/11/2011,03:40:34,1.705025,566.393437,32.5,0.5,0,17.3c,4,1.07,97,135
136SAT32,19/11/2011,15:41:37,19/11/2011,07:41:37,1.705192,566.393705,34,0.09,0,39.5c,0,2.35,34,136
137SAT32,19/11/2011,19:40:34,19/11/2011,11:40:34,1.702209,566.39636,29,0.09,0,5.7cd,5,0.72,427,137
138SAT32,19/11/2011,23:40:34,19/11/2011,15:40:34,1.699235,566.395096,27.5,1.22,0,10.8c,5,0.83,359,138
139SAT32,20/11/2011,03:40:34,19/11/2011,19:40:34,1.697078,566.390236,28,0.22,0,12.8c,5,1.05,609,139
140SAT32,20/11/2011,07:40:34,19/11/2011,23:40:34,1.697503,566.389598,28.5,0.93,0,7.1cd,0,1.92,76,140
141SAT32,20/11/2011,11:40:52,20/11/2011,03:40:52,1.698058,566.388867,30,0.33,0,19.5c,0,1.4,105,141
142SAT32,20/11/2011,15:40:34,20/11/2011,07:40:34,1.697172,566.390624,34,1.03,0,4.1cd,5,0.91,182,142
143SAT32,20/11/2011,19:40:34,20/11/2011,11:40:34,1.691972,566.393625,30,0.28,0,9.1cd,5,0.92,668,143
144SAT32,20/11/2011,23:40:34,20/11/2011,15:40:34,1.689783,566.395527,28,0.63,0,7.3cd,5,1.17,353,144
145SAT32,21/11/2011,03:40:34,20/11/2011,19:40:34,1.682637,566.395674,28,0.37,0,7.7cd,0,1.82,573,145
146SAT32,21/11/2011,07:41:05,20/11/2011,23:41:05,1.682375,566.39373,28.5,0.44,0,5.9cd,3,2.37,331,146
147SAT32,21/11/2011,11:40:34,21/11/2011,03:40:34,1.678131,566.392763,31.5,0.64,0,3.7cd,1,1.11,522,147
148SAT32,21/11/2011,15:40:34,21/11/2011,07:40:34,1.678056,566.393023,31.5,0.24,0,7.4cd,0,1.09,143,148
149SAT32,21/11/2011,19:41:35,21/11/2011,11:41:35,1.668096,566.385796,29.5,0.54,0,6.5cd,5,1.36,1367,149
150SAT32,21/11/2011,23:40:34,21/11/2011,15:40:34,1.655055,566.387008,29,0.35,0,12.6c,1,2.57,1458,150
151SAT32,22/11/2011,03:40:34,21/11/2011,19:40:34,1.652922,566.386036,28,0.25,0,22.4c,0,2.03,600,151
152SAT32,22/11/2011,07:42:00,21/11/2011,23:42:00,1.652069,566.38086,28.5,0.05,0,9.6cd,3,3.51,161,152
153SAT32,22/11/2011,11:41:35,22/11/2011,03:41:35,1.651626,566.379823,29.5,0.05,0,15.5c,5,1.88,126,153
154SAT32,22/11/2011,15:40:34,22/11/2011,07:40:34,1.658151,566.370974,29.5,0.11,0,7.0cd,5,1.12,1219,154
155SAT32,22/11/2011,19:43:05,22/11/2011,11:43:05,1.651227,566.372262,29,1.49,0,18.4c,5,1.62,749,155
156SAT32,22/11/2011,23:40:34,22/11/2011,15:40:34,1.627801,566.370508,28.5,0.14,0,11.6c,3,2.65,410,156
157SAT32,23/11/2011,03:40:34,22/11/2011,19:40:34,1.627865,566.370952,28,0.15,0,15.1c,2,1.02,50,157
158SAT32,23/11/2011,07:41:00,22/11/2011,23:41:00,1.627287,566.372538,28,1.87,0,d29.8,1,12.4,91,158
159SAT32,23/11/2011,11:40:34,23/11/2011,03:40:34,1.626937,566.376026,29,0.04,0,26.5c,3,1.65,65,159
160SAT32,23/11/2011,15:40:34,23/11/2011,07:40:34,1.62059,566.359027,31.5,0.38,0,9.0cd,5,0.9,1604,160
161SAT32,23/11/2011,19:41:05,23/11/2011,11:41:05,1.637073,566.367262,30,1.11,83,12.2c,5,1.27,984,161
162SAT32,23/11/2011,23:41:05,23/11/2011,15:41:05,1.632112,566.373529,29,0.03,0,18.2c,4,1.2,778,162
163SAT32,24/11/2011,03:42:35,23/11/2011,19:42:35,1.630882,566.375639,28.5,1.51,0,22.0c,5,6.7,407,163
164SAT32,24/11/2011,07:42:07,23/11/2011,23:42:07,1.630235,566.375864,28.5,0.36,0,17.5c,4,5.04,100,164
165SAT32,24/11/2011,11:40:59,24/11/2011,03:40:59,1.62607,566.374626,31,1.96,0,1.4cd,0,2.17,484,165
166SAT32,24/11/2011,15:41:02,24/11/2011,07:41:02,1.619275,566.363566,28.5,1.05,0,6.0cd,5,7.28,1443,166
167SAT32,24/11/2011,19:40:54,24/11/2011,11:40:54,1.61797,566.362605,29,0.46,0,1.1cd,1,1.6,295,167
168SAT32,24/11/2011,23:40:34,24/11/2011,15:40:34,1.617606,566.360866,28,0.76,0,14.8c,4,1,59,168
169SAT32,25/11/2011,03:40:34,24/11/2011,19:40:34,1.617798,566.362066,28,1.08,0,12.3c,5,1.2,31,169
170SAT32,25/11/2011,07:42:06,24/11/2011,23:42:06,1.612792,566.365527,28.5,0.26,0,d12.0,5,3.52,747,170
171SAT32,25/11/2011,11:41:05,25/11/2011,03:41:05,1.613725,566.36897,31.5,0.09,0,30.7c,4,1.86,396,171
172SAT32,25/11/2011,15:40:34,25/11/2011,07:40:34,1.605059,566.373557,35.5,0.47,0,10.5c,5,1.37,1090,172
173SAT32,25/11/2011,19:40:34,25/11/2011,11:40:34,1.602021,566.374202,30,0.35,0,16.4c,5,1.53,128,173
174SAT32,25/11/2011,23:40:34,25/11/2011,15:40:34,1.606527,566.373452,28.5,0.58,0,9.3cd,5,1.46,286,174
175SAT32,26/11/2011,03:40:34,25/11/2011,19:40:34,1.607598,566.373497,29,1.1,0,19.8c,1,2.28,119,175
176SAT32,26/11/2011,03:40:34,25/11/2011,19:40:34,1.607598,566.373497,29,1.15,0,19.8c,0,2.28,0,176
177SAT32,26/11/2011,11:42:04,26/11/2011,03:42:04,1.618775,566.369693,33,0.25,0,9.1cd,2,2.52,1314,177
178SAT32,26/11/2011,15:40:34,26/11/2011,07:40:34,1.607168,566.373654,31.5,0.43,0,17.7c,5,1.26,1364,178
179SAT32,26/11/2011,19:40:34,26/11/2011,11:40:34,1.602205,566.374979,30,0.24,0,13.1c,0,1.5,550,179
180SAT32,26/11/2011,23:40:59,26/11/2011,15:40:59,1.602797,566.376666,28.5,0.05,0,16.9c,4,1.58,192,180
181SAT32,27/11/2011,03:41:05,26/11/2011,19:41:05,1.603512,566.377408,29,0.24,0,15.5c,2,2.8,115,181
182SAT32,27/11/2011,07:41:54,26/11/2011,23:41:54,1.602806,566.376305,29,0.83,0,22.1c,0,4.71,189,182
183SAT32,27/11/2011,11:41:49,27/11/2011,03:41:49,1.616852,566.349288,32,2.43,0,17.9c,0,13.9,3290,183
184SAT32,27/11/2011,15:41:04,27/11/2011,07:41:04,1.620516,566.356977,32,0.03,0,21.4c,0,0.96,585,184
185SAT32,27/11/2011,19:43:05,27/11/2011,11:43:05,1.615667,566.343225,30.5,0.13,280,20.6c,4,1.77,1219,185
186SAT32,27/11/2011,23:40:34,27/11/2011,15:40:34,1.612712,566.340492,29,0.13,0,15.5c,5,0.9,309,186
187SAT32,28/11/2011,03:40:34,27/11/2011,19:40:34,1.612725,566.339505,28,0.15,0,12.9c,5,0.84,109,187
188SAT32,28/11/2011,07:40:34,27/11/2011,23:40:34,1.612127,566.339604,29,0.78,0,11.4c,5,0.85,289,188
189SAT32,28/11/2011,11:41:04,28/11/2011,03:41:04,1.611767,566.337566,31,0.26,0,16.7c,5,5.23,191,189
190SAT32,28/11/2011,15:40:34,28/11/2011,07:40:34,1.612691,566.336666,31.5,0.39,0,16.1c,3,0.76,143,190
191SAT32,28/11/2011,19:40:34,28/11/2011,11:40:34,1.609536,566.369863,29.5,0.86,0,7.2cd,5,0.96,831,191
192SAT32,28/11/2011,23:40:34,28/11/2011,15:40:34,1.609277,566.332946,29,0.22,0,14.9c,5,1.39,235,192
193SAT32,29/11/2011,03:41:25,28/11/2011,19:41:25,1.607602,566.333566,29,0.57,0,16.4c,4,17.9,246,193
194SAT32,29/11/2011,07:40:34,28/11/2011,23:40:34,1.606282,566.336246,28.5,0.44,0,45.7c,0,3.63,366,194
195SAT32,29/11/2011,11:41:59,29/11/2011,03:41:59,1.606521,566.336668,31.5,1.04,0,45.7c,3,1.61,28,195
196SAT32,29/11/2011,15:42:05,29/11/2011,07:42:05,1.607855,566.330935,29.5,0.77,0,18.5c,1,1.34,605,196
197SAT32,29/11/2011,19:41:35,29/11/2011,11:41:35,1.60263,566.365649,29,2.04,343,81.8c,4,12.7,687,197
198SAT32,29/11/2011,23:40:34,29/11/2011,15:40:34,1.606066,566.365357,28,0.34,0,14.5c,1,1.38,163,198
199SAT32,30/11/2011,03:40:34,29/11/2011,19:40:34,1.606718,566.367237,28,0.34,0,13.0c,5,2.26,210,199
200SAT32,30/11/2011,07:43:31,29/11/2011,23:43:31,1.60622,566.336364,28.5,1.09,0,26.6c,0,4.6,577,200
201SAT32,30/11/2011,11:40:34,30/11/2011,03:40:34,1.606207,566.336625,30,0.78,0,34.5c,0,1.59,432,201
202SAT32,30/11/2011,19:40:56,30/11/2011,11:40:56,1.607136,566.367639,28.5,0.49,0,4.8cd,3,9.7,954,202
203SAT32,30/11/2011,23:42:29,30/11/2011,15:42:29,1.590963,566.364856,28.5,0.39,0,30.4c,0,1.67,1827,203
204SAT32,01/12/2011,03:40:34,30/11/2011,19:40:34,1.58585,566.362262,27.5,0.19,0,11.7c,5,0.87,701,204
205SAT32,01/12/2011,07:40:56,30/11/2011,23:40:56,1.579856,566.309376,28,0.49,0,8.7cd,0,5.5,1466,205
206SAT32,01/12/2011,11:40:58,01/12/2011,03:40:58,1.578223,566.307639,30,0.5,0,20.1c,0,1.57,250,206
207SAT32,01/12/2011,15:42:37,01/12/2011,07:42:37,1.580285,566.309772,30.5,1.09,0,7.1cd,0,3.47,329,207
208SAT32,01/12/2011,19:43:13,01/12/2011,11:43:13,1.581118,566.324383,29.5,0.39,0,38.9c,0,3.07,516,208
209SAT32,01/12/2011,23:40:34,01/12/2011,15:40:34,1.580312,566.323839,27.5,0.19,0,15.6c,5,0.94,108,209
210SAT32,02/12/2011,03:40:34,01/12/2011,19:40:34,1.579299,566.323298,27.5,0.5,0,12.2c,5,1.1,133,210
211SAT32,02/12/2011,07:41:04,01/12/2011,23:41:04,1.577909,566.306222,28,0.1,0,16.2c,0,3.68,800,211
212SAT32,02/12/2011,11:40:36,02/12/2011,03:40:36,1.576366,566.306206,30.5,0.8,0,1.9cd,0,3.86,172,212
213SAT32,02/12/2011,19:40:34,02/12/2011,11:40:34,1.585538,566.360346,30,0.4,0,10.5c,2,0.86,1879,213
214SAT32,02/12/2011,23:41:23,02/12/2011,15:41:23,1.582032,566.327659,29,0.65,0,15.1c,0,3.35,341,214
215SAT32,03/12/2011,03:40:34,02/12/2011,19:40:34,1.581702,566.320663,29,0.16,0,6.1cd,0,2.3,822,215
216SAT32,03/12/2011,07:42:30,02/12/2011,23:42:30,1.577281,566.305457,28.5,0.16,0,5.4cd,0,2.32,741,216
217SAT32,03/12/2011,11:40:38,03/12/2011,03:40:38,1.573372,566.305356,30,0.56,0,25.7c,0,4.79,457,217
218SAT32,03/12/2011,15:42:54,03/12/2011,07:42:54,1.573681,566.303666,30.5,0.27,0,21.8c,1,1.94,195,218
219SAT32,03/12/2011,23:40:34,03/12/2011,15:40:34,1.539392,566.697338,28.5,0.36,0,12.5c,4,1.08,3880,219
220SAT32,04/12/2011,03:40:34,03/12/2011,19:40:34,1.5378,566.693743,28.5,0.13,0,25.1c,1,1.06,436,220
221SAT32,04/12/2011,07:40:34,03/12/2011,23:40:34,1.539539,566.696404,28.5,0.23,0,14.1c,3,1.99,353,221
222SAT32,04/12/2011,11:42:00,04/12/2011,03:42:00,1.522721,566.699427,29.5,0.03,0,40.6c,2,8.03,487,222
223SAT32,04/12/2011,15:40:35,04/12/2011,07:40:35,1.539325,566.694848,30.5,0.43,0,27.8c,5,1.23,630,223
224SAT32,04/12/2011,23:40:34,04/12/2011,15:40:34,1.518981,566.690633,29,0.27,0,6.7cd,5,1.94,2324,224
225SAT32,05/12/2011,03:40:34,04/12/2011,19:40:34,1.51952,566.690978,28.5,0.58,0,13.4c,0,1.15,103,225
226SAT32,05/12/2011,07:43:35,04/12/2011,23:43:35,1.520597,566.686303,29,0.71,0,20.9c,0,3.11,531,226
227SAT32,05/12/2011,11:41:57,05/12/2011,03:41:57,1.51902,566.684232,29.5,0.61,0,d112.,0,2.28,298,227
228SAT32,05/12/2011,15:40:34,05/12/2011,07:40:34,1.517226,566.683646,29.5,0.21,0,55.4c,1,1.29,205,228
229SAT32,05/12/2011,19:40:34,05/12/2011,11:40:34,1.515205,566.679466,29,0.21,0,14.2c,0,1.14,516,229
230SAT32,05/12/2011,23:41:29,05/12/2011,15:41:29,1.516151,566.680969,29,0.71,0,102.2,0,5.53,197,230
231SAT32,06/12/2011,03:42:04,05/12/2011,19:42:04,1.515929,566.682037,28.5,0.24,0,71.3c,3,3.72,24,231
232SAT32,06/12/2011,15:40:35,06/12/2011,07:40:35,1.518536,566.696325,31,0.31,0,10.6c,5,1.83,1282,232
233SAT32,06/12/2011,19:40:34,06/12/2011,11:40:34,1.516079,566.678868,29,0.23,0,11.0c,0,1.29,1515,233
234SAT32,06/12/2011,23:40:34,06/12/2011,15:40:34,1.516232,566.674934,27.5,1.23,0,37.8c,5,1.43,438,234
235SAT32,07/12/2011,03:40:34,06/12/2011,19:40:34,1.516281,566.67633,27,0.18,0,36.6c,5,1.12,156,235
236SAT32,07/12/2011,11:42:07,07/12/2011,03:42:07,1.521026,566.683689,28.5,1.84,0,33.4c,0,8.91,936,236
237SAT32,07/12/2011,15:40:59,07/12/2011,07:40:59,1.519222,566.686295,28.5,0.84,0,13.8c,0,3.35,216,237
238SAT32,07/12/2011,19:43:53,07/12/2011,11:43:53,1.516008,566.678882,28,0.14,0,11.1c,3,1.45,530,238
239SAT32,07/12/2011,23:40:34,07/12/2011,15:40:34,1.515673,566.673666,27.5,0.3,0,36.8c,3,4.31,579,239
240SAT32,08/12/2011,03:40:34,07/12/2011,19:40:34,1.515697,566.673905,27.5,0.26,0,26.5c,3,1.08,27,240
241SAT32,08/12/2011,07:41:05,07/12/2011,23:41:05,1.520017,566.686467,28,0.36,0,20.3c,0,4.65,1060,241
242SAT32,08/12/2011,11:43:29,08/12/2011,03:43:29,1.52622,566.686606,29.5,0.36,0,22.2c,0,1.3,693,242
243SAT32,08/12/2011,15:44:03,08/12/2011,07:44:03,1.526617,566.682644,31,1.06,0,20.7c,0,1.49,114,243
244SAT32,08/12/2011,19:40:34,08/12/2011,11:40:34,1.530709,566.679623,29,0.86,0,6.8cd,4,1.77,529,244
245SAT32,08/12/2011,23:43:58,08/12/2011,15:43:58,1.530093,566.686677,29,0.28,0,77.7c,0,1.71,390,245
246SAT32,09/12/2011,03:41:05,08/12/2011,19:41:05,1.530272,566.68443,28.5,1.08,0,60.1c,0,2.12,199,246
247SAT32,09/12/2011,07:41:54,08/12/2011,23:41:54,1.531528,566.690865,28,1.22,0,10.0c,1,3.52,719,247
248SAT32,09/12/2011,11:40:59,09/12/2011,03:40:59,1.520369,566.303587,32.5,1.11,0,18.7c,0,7.12,1722,248
249SAT32,09/12/2011,15:40:34,09/12/2011,07:40:34,1.521981,566.309966,36.5,0.18,0,10.1c,5,1.27,724,249
250SAT32,09/12/2011,19:40:34,09/12/2011,11:40:34,1.52158,566.322402,30,0.41,0,9.2cd,0,1.76,170,250
251SAT32,09/12/2011,23:40:34,09/12/2011,15:40:34,1.52323,566.322664,28,0.32,0,10.2c,1,1.41,207,251
252SAT32,10/12/2011,03:40:34,09/12/2011,19:40:34,1.526112,566.324865,28,0.41,0,25.1c,2,1.62,502,252
253SAT32,10/12/2011,07:40:34,09/12/2011,23:40:34,1.526559,566.324493,28,0.04,0,8.3cd,5,1.11,64,253
254SAT32,10/12/2011,11:41:00,10/12/2011,03:41:00,1.526329,566.327786,31,1.68,0,4.8cd,0,1.55,365,254
255SAT32,10/12/2011,15:40:59,10/12/2011,07:40:59,1.526769,566.327303,30.5,0.08,0,27.5c,0,3.34,71,255
256SAT32,10/12/2011,19:40:34,10/12/2011,11:40:34,1.526236,566.323787,29.5,0.28,0,9.6cd,5,3.03,394,256
257SAT32,10/12/2011,23:41:53,10/12/2011,15:41:53,1.522379,566.326336,28.5,0.31,0,2.9cd,0,3.12,262,257
258SAT32,11/12/2011,03:40:34,10/12/2011,19:40:34,1.523992,566.322673,28,0.11,0,7.6cd,5,0.97,85,258
259SAT32,11/12/2011,07:40:34,10/12/2011,23:40:34,1.521985,566.320959,28.5,0.12,0,10.4c,5,0.86,237,259
260SAT32,11/12/2011,11:40:41,11/12/2011,03:40:41,1.538882,566.309229,31,0.07,0,94.1c,2,6,401,260
261SAT32,11/12/2011,19:40:34,11/12/2011,11:40:34,1.529292,566.693638,29.5,0.49,0,7.4cd,3,1.25,2020,261
262SAT32,11/12/2011,23:40:34,11/12/2011,15:40:34,1.522582,566.302867,28.5,0.29,0,20.2c,5,0.93,1179,262
263SAT32,12/12/2011,03:41:26,11/12/2011,19:41:26,1.521635,566.306986,28.5,0.44,0,d93.4,0,5.5,163,263
264SAT32,12/12/2011,07:41:05,11/12/2011,23:41:05,1.522267,566.305647,28.5,0.34,0,16.1c,0,2.06,309,264
265SAT32,12/12/2011,11:41:07,12/12/2011,03:41:07,1.516228,566.305693,31.5,0.24,0,d18.0,5,2.81,692,265
266SAT32,12/12/2011,15:40:58,12/12/2011,07:40:58,1.511583,566.303665,31,0.34,0,30.4c,0,2.46,568,266
267SAT32,12/12/2011,19:40:34,12/12/2011,11:40:34,1.509351,566.305739,28.5,0.39,0,35.9c,0,4.65,341,267
268SAT32,12/12/2011,23:41:05,12/12/2011,15:41:05,1.299055,566.322397,28.5,0.24,0,19.9c,3,2.68,1306,268
269SAT32,13/12/2011,03:40:34,12/12/2011,19:40:34,1.297809,566.32658,27.5,0.14,0,15.2c,5,1.17,191,269
270SAT32,13/12/2011,07:40:54,12/12/2011,23:40:54,1.293621,566.309449,28,0.69,0,d32.4,0,2.33,581,270
271SAT32,13/12/2011,11:41:04,13/12/2011,03:41:04,1.293666,566.309999,29.5,0.99,0,22.1c,0,3.49,61,271
272SAT32,13/12/2011,15:42:24,13/12/2011,07:42:24,1.29261,566.320372,30,0.59,0,11.1c,5,3.26,125,272
273SAT32,13/12/2011,19:40:34,13/12/2011,11:40:34,1.276562,566.303545,29,1.57,0,11.5c,5,1.92,1940,273
274SAT32,13/12/2011,23:40:34,13/12/2011,15:40:34,1.26731,566.69485,28,0.34,0,23.0c,5,0.91,1410,274
275SAT32,14/12/2011,03:40:34,13/12/2011,19:40:34,1.267311,566.695379,27.5,0.31,0,25.1c,0,2.41,59,275
276SAT32,14/12/2011,07:42:35,13/12/2011,23:42:35,1.268212,566.695395,28,0.91,0,21.3c,5,2.13,100,276
277SAT32,14/12/2011,11:41:59,14/12/2011,03:41:59,1.266883,566.69667,30.5,0.09,0,14.2c,1,1.86,205,277
278SAT32,14/12/2011,15:41:29,14/12/2011,07:41:29,1.266183,566.697657,30.5,0.11,0,22.2c,0,2,134,278
279SAT32,14/12/2011,19:40:34,14/12/2011,11:40:34,1.267629,566.694863,28,0.21,0,14.5c,5,0.89,350,279
280SAT32,14/12/2011,23:41:34,14/12/2011,15:41:34,1.2621,566.694575,28,2.26,0,14.7c,0,3.53,396,280
281SAT32,15/12/2011,03:40:34,14/12/2011,19:40:34,1.263818,566.694642,28,1.16,0,15.3c,2,1.36,49,281
282SAT32,15/12/2011,07:42:02,14/12/2011,23:42:02,1.262882,566.696654,29,0.66,0,d3.0c,0,3.36,212,282
283SAT32,15/12/2011,11:42:07,15/12/2011,03:42:07,1.262333,566.696639,29.5,0.86,0,1.0cd,5,1.23,61,283
284SAT32,15/12/2011,15:40:34,15/12/2011,07:40:34,1.262672,566.694729,30,0.81,0,17.3c,5,1.35,295,284
285SAT32,15/12/2011,19:41:06,15/12/2011,11:41:06,1.260772,566.694524,29,0.08,0,20.7c,1,1.8,213,285
286SAT32,15/12/2011,23:40:34,15/12/2011,15:40:34,1.262731,566.693898,27.5,0.18,0,18.4c,5,1.63,228,286
287SAT32,16/12/2011,03:40:34,15/12/2011,19:40:34,1.266028,566.694203,27.5,0.51,0,21.0c,3,1.25,370,287
288SAT32,16/12/2011,07:40:34,15/12/2011,23:40:34,1.267321,566.695029,27.5,1.06,0,29.7c,2,3.68,176,288
289SAT32,16/12/2011,11:42:00,16/12/2011,03:42:00,1.265667,566.696635,29.5,0.29,0,22.1c,0,3.08,259,289
290SAT32,16/12/2011,15:40:55,16/12/2011,07:40:55,1.262322,566.696797,30,0.61,0,13.4c,2,3.22,151,290
291SAT32,16/12/2011,19:42:06,16/12/2011,11:42:06,1.263228,566.697364,29.5,0.22,0,d62.3,0,3.25,137,291
292SAT32,16/12/2011,23:40:34,16/12/2011,15:40:34,1.260926,566.694768,28.5,0.82,0,16.4c,3,0.94,384,292
293SAT32,17/12/2011,03:40:34,16/12/2011,19:40:34,1.260668,566.696963,28,0.48,0,23.7c,0,2.27,202,293
294SAT32,17/12/2011,07:41:07,16/12/2011,23:41:07,1.260621,566.696356,28,0.18,0,26.1c,0,3.11,68,294
295SAT32,17/12/2011,11:40:58,17/12/2011,03:40:58,1.260259,566.688692,29,0.18,0,17.0c,5,1.86,450,295
296SAT32,17/12/2011,15:40:34,17/12/2011,07:40:34,1.260788,566.687466,32,0.33,0,17.0c,5,1.47,103,296
297SAT32,17/12/2011,19:40:34,17/12/2011,11:40:34,1.262926,566.694506,29.5,0.29,0,15.3c,5,1.18,820,297
298SAT32,17/12/2011,23:41:36,17/12/2011,15:41:36,1.271635,566.696768,28,0.24,0,18.4c,2,5.93,987,298
299SAT32,18/12/2011,03:40:34,17/12/2011,19:40:34,1.271692,566.697057,28,0.54,0,18.1c,5,1.66,480,299
300SAT32,18/12/2011,07:40:36,17/12/2011,23:40:36,1.270735,566.69977,28,0.89,0,56.4c,0,2.33,319,300
301SAT32,18/12/2011,11:42:38,18/12/2011,03:42:38,1.268556,566.698626,30,0.29,0,31.1c,5,1.89,298,301
302SAT32,18/12/2011,15:40:34,18/12/2011,07:40:34,1.268252,566.698366,31.5,0.39,0,43.9c,5,1.38,17,302
303SAT32,18/12/2011,19:42:00,18/12/2011,11:42:00,1.271677,566.300732,30,0.1,0,47.3c,5,2.51,447,303
304SAT32,18/12/2011,19:42:00,18/12/2011,11:42:00,1.271677,566.300732,30,0.1,0,47.3c,0,2.51,0,304
305SAT32,18/12/2011,19:42:00,18/12/2011,11:42:00,1.271677,566.300732,30,0.15,0,47.3c,0,2.51,0,305
306SAT32,19/12/2011,03:40:34,18/12/2011,19:40:34,1.277299,566.699605,27,0.05,0,9.9cd,5,0.82,638,306
307SAT32,19/12/2011,07:41:34,18/12/2011,23:41:34,1.273966,566.699604,27.5,1.37,0,12.3c,5,3.35,371,307
308SAT32,19/12/2011,11:41:35,19/12/2011,03:41:35,1.272322,566.695646,30.5,0.4,0,8.1cd,5,2.11,485,308
309SAT32,19/12/2011,11:41:35,19/12/2011,03:41:35,1.272322,566.695646,30.5,0.4,0,8.1cd,0,2.11,0,309
310SAT32,19/12/2011,11:41:35,19/12/2011,03:41:35,1.272322,566.695646,30.5,0.4,0,8.1cd,5,2.11,0,310
311SAT32,19/12/2011,11:41:35,19/12/2011,03:41:35,1.272322,566.695646,30.5,0.4,0,8.1cd,0,2.11,0,311
312SAT32,19/12/2011,11:41:35,19/12/2011,03:41:35,1.272322,566.695646,30.5,0.49,0,8.1cd,0,2.11,0,312
313SAT32,20/12/2011,03:41:02,19/12/2011,19:41:02,1.275125,566.636593,28.5,1.19,0,16.9c,0,3.29,6500,313
314SAT32,20/12/2011,07:41:05,19/12/2011,23:41:05,1.276708,566.636236,28,0.39,0,d9.2c,2,3.31,181,314
315SAT32,20/12/2011,15:40:34,20/12/2011,07:40:34,1.282787,566.626863,32,0.9,0,10.5c,5,1.69,2244,315
316SAT32,20/12/2011,19:40:34,20/12/2011,11:40:34,1.286652,566.622264,29.5,0.5,0,16.9c,5,0.97,764,316
317SAT32,20/12/2011,23:41:29,20/12/2011,15:41:29,1.291825,566.605022,29,0.16,0,23.1c,5,2,890,317
318SAT32,21/12/2011,03:40:34,20/12/2011,19:40:34,1.287222,566.603849,29,0.28,0,9.2cd,5,1.78,528,318
319SAT32,21/12/2011,07:41:06,20/12/2011,23:41:06,1.282086,566.604087,28.5,0.05,0,50.9c,0,2.26,575,319
320SAT32,21/12/2011,11:40:53,21/12/2011,03:40:53,1.28226,566.60566,31.5,0.85,0,44.6c,3,2.37,175,320
321SAT32,21/12/2011,15:40:34,21/12/2011,07:40:34,1.286832,566.620823,31.5,0.33,0,19.8c,5,1.09,754,321
322SAT32,21/12/2011,19:40:34,21/12/2011,11:40:34,1.286323,566.606076,29.5,0.76,0,17.5c,5,1.19,970,322
323SAT32,21/12/2011,23:41:54,21/12/2011,15:41:54,1.287217,566.60359,29,0.6,0,32.7c,2,2.47,207,323
324SAT32,22/12/2011,03:40:34,21/12/2011,19:40:34,1.285625,566.602633,29,0.12,0,8.2cd,5,0.82,295,324
325SAT32,22/12/2011,07:40:38,21/12/2011,23:40:38,1.282263,566.605529,29,1.35,0,34.9c,2,4.78,556,325
326SAT32,22/12/2011,11:41:55,22/12/2011,03:41:55,1.280876,566.607662,31,1.15,0,48.2c,0,2.6,262,326
327SAT32,22/12/2011,15:43:28,22/12/2011,07:43:28,1.282322,566.666652,32,1.85,0,14.5c,5,3.2,1749,327
328SAT32,22/12/2011,19:40:34,22/12/2011,11:40:34,1.286176,566.664246,30,0.26,0,15.6c,1,0.88,263,328
329SAT32,22/12/2011,23:41:35,22/12/2011,15:41:35,1.287228,566.666667,29,0.33,0,20.9c,3,2.54,309,329
330SAT32,23/12/2011,03:40:34,22/12/2011,19:40:34,1.287888,566.667563,28.5,0.23,0,30.8c,3,1.46,115,330
331SAT32,23/12/2011,07:42:30,22/12/2011,23:42:30,1.287326,566.66823,29,0.36,0,23.4c,5,1.69,89,331
332SAT32,23/12/2011,11:41:05,23/12/2011,03:41:05,1.283925,566.665968,31,1.58,0,10.4c,5,1.39,446,332
333SAT32,23/12/2011,15:40:59,23/12/2011,07:40:59,1.286011,566.666779,32.5,0.08,0,23.2c,4,2.07,247,333
334SAT32,23/12/2011,19:40:34,23/12/2011,11:40:34,1.287022,566.667045,30,0.1,0,16.9c,5,1.5,119,334
335SAT32,23/12/2011,23:40:34,23/12/2011,15:40:34,1.28581,566.666449,28.5,0.37,0,28.9c,5,2.4,152,335
336SAT32,24/12/2011,03:40:34,23/12/2011,19:40:34,1.282976,566.667505,28.5,0.26,0,5.6cd,5,0.93,149,336
337SAT32,24/12/2011,07:43:23,23/12/2011,23:43:23,1.286183,566.63034,28,0.2,0,1.7cd,1,1.53,342,337
338SAT32,24/12/2011,11:42:29,24/12/2011,03:42:29,1.288277,566.630664,28.5,0.7,0,6.9cd,0,2.49,233,338
339SAT32,24/12/2011,15:40:35,24/12/2011,07:40:35,1.288793,566.669554,27,0.2,0,23.4c,5,7.31,94,339
340SAT32,24/12/2011,19:41:05,24/12/2011,11:41:05,1.293229,566.669364,27.5,1.88,84,12.0c,3,1.54,517,340
341SAT32,24/12/2011,23:40:35,24/12/2011,15:40:35,1.293562,566.630252,27.5,0.32,0,17.0c,0,1.82,93,341
342SAT32,25/12/2011,03:40:34,24/12/2011,19:40:34,1.293183,566.669467,27,0.62,0,18.7c,5,1.24,91,342
343SAT32,25/12/2011,07:41:24,24/12/2011,23:41:24,1.291128,566.669625,27,0.82,0,15.3c,0,3.02,228,343
344SAT32,25/12/2011,11:40:34,25/12/2011,03:40:34,1.29025,566.632602,29.5,0.32,0,25.1c,0,2.52,233,344
345SAT32,25/12/2011,15:42:11,25/12/2011,07:42:11,1.289303,566.6326,29.5,0.12,0,20.7c,0,1.26,128,345
346SAT32,25/12/2011,19:40:34,25/12/2011,11:40:34,1.28527,566.666223,28.5,0.22,0,11.8c,5,1.3,721,346
347SAT32,25/12/2011,23:40:34,25/12/2011,15:40:34,1.285262,566.63457,28,0.38,0,14.1c,0,0.84,937,347
348SAT32,26/12/2011,03:40:34,25/12/2011,19:40:34,1.285602,566.634307,28,0.05,0,16.1c,1,0.95,33,348
349SAT32,26/12/2011,07:40:34,25/12/2011,23:40:34,1.286073,566.634382,28,0.18,0,9.6cd,5,1.09,53,349
350SAT32,26/12/2011,11:41:30,26/12/2011,03:41:30,1.286352,566.635655,31.5,0.56,0,d29.2,0,2.42,102,350
351SAT32,26/12/2011,15:40:56,26/12/2011,07:40:56,1.286211,566.633838,30,0.46,0,d6.7c,5,3.41,158,351
352SAT32,26/12/2011,19:40:34,26/12/2011,11:40:34,1.285617,566.634699,28,0.3,0,15.6c,5,1.41,84,352
353SAT32,26/12/2011,23:40:34,26/12/2011,15:40:34,1.285231,566.634366,27.5,0.36,0,18.7c,3,1.02,43,353
354SAT32,27/12/2011,03:43:05,26/12/2011,19:43:05,1.286219,566.63324,28.5,0.09,0,24.1c,2,1.59,186,354
355SAT32,27/12/2011,07:40:34,26/12/2011,23:40:34,1.286282,566.636873,28,0.58,0,48.4c,0,2.45,33,355
356SAT32,27/12/2011,11:42:04,27/12/2011,03:42:04,1.28665,566.636864,29.5,0.88,0,19.8c,0,1.89,41,356
357SAT32,27/12/2011,15:40:55,27/12/2011,07:40:55,1.286139,566.6335,29,0.28,0,85.3c,4,2.84,94,357
358SAT32,27/12/2011,19:42:01,27/12/2011,11:42:01,1.278379,566.627645,28.5,0.25,0,1.0cd,3,2.61,1958,358
359SAT32,27/12/2011,23:40:34,27/12/2011,15:40:34,1.272902,566.627664,28,0.33,0,20.2c,5,1.42,611,359
360SAT32,28/12/2011,03:40:34,27/12/2011,19:40:34,1.273209,566.625674,28.5,0.18,0,9.2cd,5,1.21,223,360
361SAT32,28/12/2011,07:41:59,27/12/2011,23:41:59,1.273118,566.625723,28.5,0.01,0,21.3c,2,0.77,58,361
362SAT32,28/12/2011,15:40:34,28/12/2011,07:40:34,1.260228,566.298664,29,0.12,0,17.1c,5,1.03,2359,362
363SAT32,28/12/2011,19:41:00,28/12/2011,11:41:00,1.225292,566.606633,28,0.24,0,116.2,1,2.34,1741,363
364SAT32,28/12/2011,23:41:15,28/12/2011,15:41:15,1.226052,566.603267,27.5,0.72,0,71.3c,0,6.15,101,364
365SAT32,29/12/2011,03:40:59,28/12/2011,19:40:59,1.226812,566.606724,27.5,0.32,0,5.7cd,0,2.56,96,365
366SAT32,29/12/2011,07:41:23,28/12/2011,23:41:23,1.229286,566.606465,27.5,0.92,0,36.3c,1,2.52,299,366
367SAT32,29/12/2011,11:42:29,29/12/2011,03:42:29,1.222219,566.299884,29,2.22,0,ccccc,0,99.9,652,367
368SAT32,29/12/2011,15:42:37,29/12/2011,07:42:37,1.26022,566.606346,30.5,3.42,0,4.5cd,0,2.18,1824,368
369SAT32,29/12/2011,19:42:05,29/12/2011,11:42:05,1.225221,566.620367,29.5,1.02,0,14.0c,0,2.17,1912,369
370SAT32,29/12/2011,23:40:34,29/12/2011,15:40:34,1.260607,566.605636,28.5,0.22,0,31.2c,0,4.83,1805,370
371SAT32,30/12/2011,03:40:34,29/12/2011,19:40:34,1.279783,566.299666,28,0.52,0,19.5c,5,3.36,2222,371
372SAT32,30/12/2011,07:41:53,29/12/2011,23:41:53,1.276309,566.604235,28,0.26,0,29.0c,0,2.81,628,372
373SAT32,30/12/2011,11:41:04,30/12/2011,03:41:04,1.275676,566.602348,30.5,0.46,0,d4.7c,1,1.54,317,373
374SAT32,30/12/2011,15:40:41,30/12/2011,07:40:41,1.286809,566.606652,30.5,0.11,0,23.5c,0,10.2,1243,374
375SAT32,30/12/2011,19:40:34,30/12/2011,11:40:34,1.295662,566.606666,29,0.26,0,16.3c,5,1.79,1098,375
376SAT32,30/12/2011,23:40:34,30/12/2011,15:40:34,1.29397,566.608978,28.5,0.87,0,12.6c,5,1.07,322,376
377SAT32,31/12/2011,07:41:05,30/12/2011,23:41:05,1.27727,566.607455,28,0.55,0,44.1c,0,3.24,1844,377
378SAT32,31/12/2011,11:41:05,31/12/2011,03:41:05,1.272597,566.60977,29.5,0.85,0,55.4c,2,1.96,410,378
379SAT32,31/12/2011,15:40:35,31/12/2011,07:40:35,1.265397,566.669238,27.5,0.55,0,8.8cd,0,2.44,2378,379
380SAT32,31/12/2011,19:41:05,31/12/2011,11:41:05,1.257852,566.669696,27.5,2.45,0,8.6cd,3,2.79,842,380
381SAT32,31/12/2011,23:40:53,31/12/2011,15:40:53,1.238382,566.665666,27.5,1.93,187,14.7c,5,1.55,2213,381
382SAT32,01/01/2012,03:41:29,31/12/2011,19:41:29,1.259219,566.634684,28,2.41,0,22.9c,0,2.8,2508,382
383SAT32,01/01/2012,07:41:05,31/12/2011,23:41:05,1.26139,566.636073,28,0.65,0,d6.8c,0,1.66,313,383
384SAT32,01/01/2012,11:42:09,01/01/2012,03:42:09,1.262328,566.636785,28.5,1.05,0,19.9c,0,2.29,131,384
385SAT32,01/01/2012,15:41:01,01/01/2012,07:41:01,1.260869,566.637895,29,0.31,0,21.3c,1,7.97,204,385
386SAT32,01/01/2012,19:41:29,01/01/2012,11:41:29,1.256852,566.644738,29,0.35,0,36.3c,0,2.92,880,386
387SAT32,01/01/2012,23:41:25,01/01/2012,15:41:25,1.256869,566.645395,28.5,0.15,0,d8.6c,1,3.54,73,387
388SAT32,02/01/2012,03:40:34,01/01/2012,19:40:34,1.252705,566.654665,28.5,0.45,0,9.2cd,2,1.33,1087,388
389SAT32,02/01/2012,07:40:34,01/01/2012,23:40:34,1.256601,566.653703,28,0.15,0,10.0c,5,1.69,438,389
390SAT32,02/01/2012,11:40:34,02/01/2012,03:40:34,1.268202,566.662507,28.5,0.21,0,10.1c,5,1.52,1573,390
391SAT32,02/01/2012,15:40:34,02/01/2012,07:40:34,1.26829,566.660662,28.5,0.31,0,10.8c,5,1.22,99,391
392SAT32,02/01/2012,19:41:35,02/01/2012,11:41:35,1.270678,566.666654,28,1.54,0,7.4cd,5,1.43,719,392
393SAT32,02/01/2012,23:40:34,02/01/2012,15:40:34,1.268675,566.660866,27.5,1.35,0,11.0c,5,0.93,684,393
394SAT32,03/01/2012,03:41:07,02/01/2012,19:41:07,1.270205,566.666567,28,0.05,0,20.6c,0,2.65,661,394
395SAT32,03/01/2012,07:40:34,02/01/2012,23:40:34,1.268268,566.662427,28,0.55,0,11.0c,5,1.1,614,395
396SAT32,03/01/2012,11:40:35,03/01/2012,03:40:35,1.265128,566.655046,30.5,0.08,0,39.0c,5,2.17,787,396
397SAT32,03/01/2012,15:40:34,03/01/2012,07:40:34,1.2698,566.657578,30.5,0.15,0,10.0c,5,1.08,589,397
398SAT32,03/01/2012,19:41:23,03/01/2012,11:41:23,1.262722,566.653559,28.5,0.33,0,27.5c,0,2.22,719,398
399SAT32,03/01/2012,23:40:34,03/01/2012,15:40:34,1.265512,566.653044,28,0.23,0,7.9cd,5,1.77,105,399
400SAT32,04/01/2012,03:41:05,03/01/2012,19:41:05,1.265332,566.656666,28.5,0.04,0,31.4c,5,2.02,93,400
401SAT32,04/01/2012,07:41:58,03/01/2012,23:41:58,1.262297,566.648586,27.5,0.42,0,11.7c,3,2.09,414,401
402SAT32,04/01/2012,11:41:06,04/01/2012,03:41:06,1.26285,566.646249,30,0.02,0,6.6cd,0,1.91,326,402
403SAT32,04/01/2012,15:43:59,04/01/2012,07:43:59,1.265813,566.656308,32,0.02,0,26.7c,3,1.54,758,403
404SAT32,04/01/2012,19:40:39,04/01/2012,11:40:39,1.265625,566.64669,29,0.12,0,47.9c,5,2.41,667,404
405SAT32,04/01/2012,23:41:01,04/01/2012,15:41:01,1.266225,566.640258,28.5,0,0,11.3c,2,1.4,685,405
406SAT32,05/01/2012,03:40:53,04/01/2012,19:40:53,1.266081,566.639996,29,0,0,27.8c,0,2.04,44,406
407SAT32,05/01/2012,07:41:59,04/01/2012,23:41:59,1.266781,566.638856,28.5,0.4,0,27.6c,5,1.98,149,407
408SAT32,05/01/2012,11:42:06,05/01/2012,03:42:06,1.265619,566.635623,30,0.87,0,55.7c,0,2.46,423,408
409SAT32,05/01/2012,15:40:34,05/01/2012,07:40:34,1.27707,566.643649,30,0.17,0,15.3c,5,1.38,1581,409
410SAT32,05/01/2012,19:40:34,05/01/2012,11:40:34,1.283355,566.63689,29,0.13,0,9.5cd,5,1.3,1382,410
411SAT32,05/01/2012,23:40:34,05/01/2012,15:40:34,1.283235,566.63686,28.5,0.37,0,20.8c,5,1.58,12,411
412SAT32,06/01/2012,03:41:35,05/01/2012,19:41:35,1.280559,566.634963,28.5,0.25,0,13.0c,0,2.23,396,412
413SAT32,06/01/2012,07:43:10,05/01/2012,23:43:10,1.279995,566.635267,29,0.15,0,34.2c,5,3.85,68,413
414SAT32,06/01/2012,11:42:07,06/01/2012,03:42:07,1.280768,566.63582,30.5,2.78,0,3.2cd,0,2.56,112,414
415SAT32,06/01/2012,15:40:34,06/01/2012,07:40:34,1.276516,566.643432,30,0.33,0,16.8c,3,0.84,968,415
416SAT32,06/01/2012,19:40:34,06/01/2012,11:40:34,1.283789,566.633084,28.5,0.54,0,12.8c,0,1.25,1404,416
417SAT32,06/01/2012,23:41:29,06/01/2012,15:41:29,1.280652,566.635586,28.5,0.05,0,22.3c,5,1.29,446,417
418SAT32,07/01/2012,03:41:05,06/01/2012,19:41:05,1.279372,566.636986,28,0.84,0,71.0c,5,4.47,321,418
419SAT32,07/01/2012,07:42:01,06/01/2012,23:42:01,1.279921,566.63687,28.5,0.39,0,47.4c,0,1.96,62,419
420SAT32,07/01/2012,11:41:59,07/01/2012,03:41:59,1.273256,566.63083,29,0.69,0,5.0cd,0,1.35,754,420
421SAT32,07/01/2012,15:41:05,07/01/2012,07:41:05,1.273526,566.669026,30.5,0.09,0,19.5c,0,1.55,201,421
422SAT32,07/01/2012,19:42:05,07/01/2012,11:42:05,1.27333,566.639685,29,0.05,0,7.7cd,1,1.05,1182,422
423SAT32,07/01/2012,23:40:34,07/01/2012,15:40:34,1.272676,566.639626,28.5,2.19,0,12.6c,5,1.39,90,423
424SAT32,08/01/2012,03:41:04,07/01/2012,19:41:04,1.269269,566.640495,29,0.19,0,52.6c,5,1.99,384,424
425SAT32,08/01/2012,11:40:34,08/01/2012,03:40:34,1.270528,566.643666,29.5,0.43,0,28.7c,0,1.28,371,425
426SAT32,08/01/2012,15:41:16,08/01/2012,07:41:16,1.268523,566.645666,29.5,0.75,0,28.3c,3,3.29,287,426
427SAT32,08/01/2012,19:41:53,08/01/2012,11:41:53,1.272829,566.659484,28.5,0.82,0,19.4c,4,4.69,1647,427
428SAT32,08/01/2012,23:40:34,08/01/2012,15:40:34,1.278813,566.670675,27.5,0.43,0,9.2cd,5,0.98,1369,428
429SAT32,09/01/2012,03:40:34,08/01/2012,19:40:34,1.279327,566.665507,27.5,0.18,0,d5.7c,0,1.33,532,429
430SAT32,09/01/2012,07:41:05,08/01/2012,23:41:05,1.2823,566.666085,28,0.08,0,21.8c,2,1.29,669,430
431SAT32,09/01/2012,11:41:52,09/01/2012,03:41:52,1.282662,566.659269,30.5,1,0,34.0c,5,1.35,371,431
432SAT32,09/01/2012,15:41:29,09/01/2012,07:41:29,1.282266,566.659752,30.5,0.72,0,13.7c,3,3.41,78,432
433SAT32,09/01/2012,19:40:34,09/01/2012,11:40:34,1.290733,566.687606,28,0.25,0,13.0c,0,3.85,3185,433
434SAT32,09/01/2012,23:40:34,09/01/2012,15:40:34,1.29895,566.677436,27.5,0.18,0,6.0cd,5,1.15,1418,434
435SAT32,10/01/2012,03:40:34,09/01/2012,19:40:34,1.509223,566.674894,27.5,4.05,0,9.2cd,0,2.01,1178,435
436SAT32,10/01/2012,07:43:05,09/01/2012,23:43:05,1.505535,566.666396,28,0.57,0,13.7c,1,2.17,1028,436
437SAT32,10/01/2012,11:40:35,10/01/2012,03:40:35,1.50759,566.665687,29.5,0.42,0,30.3c,0,1.9,242,437
438SAT32,10/01/2012,15:41:05,10/01/2012,07:41:05,1.508921,566.66544,30,0.05,0,30.6c,0,2,151,438
439SAT32,10/01/2012,19:40:34,10/01/2012,11:40:34,1.510265,566.666953,28.5,0.17,0,16.3c,0,1.1,325,439
440SAT32,10/01/2012,23:40:34,10/01/2012,15:40:34,1.510375,566.66277,28,0.27,0,16.7c,2,0.99,132,440
441SAT32,11/01/2012,03:43:24,10/01/2012,19:43:24,1.299317,566.656876,28.5,0.72,0,37.4c,4,2.53,1345,441
442SAT32,11/01/2012,15:43:53,11/01/2012,07:43:53,1.512312,566.635363,29,0.02,0,28.5c,0,1.52,2914,442
443SAT32,11/01/2012,19:42:09,11/01/2012,11:42:09,1.508319,566.64626,28.5,1.29,0,12.6c,0,3.66,1006,443
444SAT32,11/01/2012,23:41:05,11/01/2012,15:41:05,1.29853,566.667326,27.5,0.12,0,5.0cd,5,0.96,1969,444
445SAT32,12/01/2012,03:41:05,11/01/2012,19:41:05,1.502182,566.662606,28,0.06,0,23.9c,0,2.61,892,445
446SAT32,12/01/2012,07:40:35,11/01/2012,23:40:35,1.502373,566.666606,27.5,0.27,0,31.3c,0,1.68,70,446
447SAT32,12/01/2012,11:41:37,12/01/2012,03:41:37,1.503738,566.629234,30.5,1.37,0,d64.0,4,4.5,348,447
448SAT32,12/01/2012,15:41:29,12/01/2012,07:41:29,1.50522,566.62677,32,0.06,0,d10.5,0,2.66,730,448
449SAT32,12/01/2012,19:41:35,12/01/2012,11:41:35,1.50271,566.622036,30,0.16,0,42.5c,2,1.5,209,449
450SAT32,12/01/2012,23:41:31,12/01/2012,15:41:31,1.503835,566.626764,28.5,0.26,0,26.0c,5,2.5,638,450
451SAT32,13/01/2012,03:42:48,12/01/2012,19:42:48,1.503055,566.623988,28,0.73,0,124.2,0,9.72,315,451
452SAT32,13/01/2012,07:42:59,12/01/2012,23:42:59,1.503378,566.626887,28,0.23,0,51.4c,0,1.62,323,452
453SAT32,13/01/2012,11:41:00,13/01/2012,03:41:00,1.502908,566.627665,30.5,0.15,0,49.0c,0,1.82,97,453
454SAT32,13/01/2012,15:41:59,13/01/2012,07:41:59,1.501268,566.62838,30,0.53,0,2.3cd,0,1.54,181,454
455SAT32,13/01/2012,19:42:40,13/01/2012,11:42:40,1.501137,566.660489,28,4.83,0,7.7cd,0,6.72,237,455
456SAT32,13/01/2012,23:40:34,13/01/2012,15:40:34,1.503752,566.629326,27.5,0.53,0,22.5c,0,1.31,319,456
457SAT32,14/01/2012,03:40:34,13/01/2012,19:40:34,1.508158,566.606682,27.5,0.63,0,13.6c,2,2.79,1525,457
458SAT32,14/01/2012,07:42:31,13/01/2012,23:42:31,1.512275,566.623973,27.5,0.83,0,5.5cd,0,5.24,978,458
459SAT32,14/01/2012,15:41:29,14/01/2012,07:41:29,1.518962,566.62796,28.5,1.03,0,15.1c,0,1.62,844,459
460SAT32,14/01/2012,19:40:34,14/01/2012,11:40:34,1.520035,566.629735,28.5,0.7,0,35.5c,5,2.24,234,460
461SAT32,14/01/2012,23:41:34,14/01/2012,15:41:34,1.516797,566.666375,28.5,0.73,0,17.6c,0,2.23,819,461
462SAT32,15/01/2012,03:40:34,14/01/2012,19:40:34,1.515798,566.634405,28,0.23,0,17.8c,0,2.79,897,462
463SAT32,15/01/2012,07:42:35,14/01/2012,23:42:35,1.513516,566.63346,28.5,1.33,0,26.1c,0,2.58,276,463
464SAT32,15/01/2012,07:42:35,14/01/2012,23:42:35,1.513516,566.63346,28.5,1.3,0,26.1c,0,2.58,0,464
465SAT32,15/01/2012,15:41:22,15/01/2012,07:41:22,1.512807,566.633766,31,0.35,0,10.3c,0,1.41,149,465
466SAT32,15/01/2012,19:40:54,15/01/2012,11:40:54,1.510112,566.640536,29.5,4.76,0,d4.4c,0,1.52,914,466
467SAT32,15/01/2012,23:41:04,15/01/2012,15:41:04,1.508222,566.639926,28.5,0.46,0,7.4cd,0,1.33,219,467
468SAT32,16/01/2012,03:41:40,15/01/2012,19:41:40,1.507203,566.639692,28,0.16,0,16.7c,0,3.01,117,468
469SAT32,16/01/2012,07:41:53,15/01/2012,23:41:53,1.50312,566.634554,28.5,0.06,0,4.2cd,0,1.26,708,469
470SAT32,16/01/2012,11:41:05,16/01/2012,03:41:05,1.297128,566.632544,30,0.26,0,d12.2,0,1.28,746,470
471SAT32,16/01/2012,15:41:00,16/01/2012,07:41:00,1.287681,566.630427,31,0.66,0,d5.5c,0,4.09,1061,471
472SAT32,16/01/2012,19:40:34,16/01/2012,11:40:34,1.281115,566.66306,29,0.76,0,17.5c,0,2.81,1095,472
473SAT32,16/01/2012,23:40:34,16/01/2012,15:40:34,1.277828,566.628438,29,0.76,0,17.5c,0,3.27,629,473
474SAT32,17/01/2012,03:41:29,16/01/2012,19:41:29,1.278106,566.629974,29.5,0.16,0,6.0cd,0,5.64,173,474
475SAT32,17/01/2012,07:42:57,16/01/2012,23:42:57,1.275633,566.629698,29,1.26,0,40.2c,0,15.2,277,475
476SAT32,17/01/2012,11:42:29,17/01/2012,03:42:29,1.272628,566.626272,31.5,1.56,0,d14.3,0,1.6,406,476
477SAT32,17/01/2012,15:41:35,17/01/2012,07:41:35,1.267213,566.299866,33,0.06,0,25.2c,0,1.33,1992,477
478SAT32,17/01/2012,19:40:52,17/01/2012,11:40:52,1.25377,566.286385,29.5,0.34,0,28.6c,0,1.32,2111,478
479SAT32,17/01/2012,23:40:34,17/01/2012,15:40:34,1.252702,566.28366,28,0.16,0,17.7c,0,1.17,319,479
480SAT32,18/01/2012,03:40:53,17/01/2012,19:40:53,1.258523,566.282034,27.5,1.86,0,0.8cd,2,4.29,517,480
481SAT32,18/01/2012,07:41:24,17/01/2012,23:41:24,1.261216,566.278886,27.5,0.05,0,21.1c,0,2.24,399,481
482SAT32,18/01/2012,11:40:46,18/01/2012,03:40:46,1.263166,566.280205,30,0.75,0,42.0c,0,7.73,237,482
483SAT32,18/01/2012,15:41:19,18/01/2012,07:41:19,1.263185,566.279637,30.5,0.35,0,d29.0,0,4.34,52,483
484SAT32,18/01/2012,19:40:59,18/01/2012,11:40:59,1.262153,566.278976,28.5,0.64,0,10.8c,1,3.67,130,484
485SAT32,18/01/2012,23:42:00,18/01/2012,15:42:00,1.260375,566.266878,28,0.64,0,17.4c,0,3.3,1405,485
486SAT32,19/01/2012,03:41:22,18/01/2012,19:41:22,1.259722,566.262922,27.5,0.54,0,15.4c,0,2.84,555,486
487SAT32,19/01/2012,07:41:05,18/01/2012,23:41:05,1.259222,566.266644,27.5,0.74,0,7.2cd,5,1.07,69,487
488SAT32,19/01/2012,11:41:05,19/01/2012,03:41:05,1.259693,566.26047,30,0.05,0,20.4c,0,1.9,203,488
489SAT32,19/01/2012,15:40:59,19/01/2012,07:40:59,1.258367,566.256996,32.5,0.05,0,20.9c,5,1.08,413,489
490SAT32,19/01/2012,19:40:34,19/01/2012,11:40:34,1.257689,566.2564,29,0.43,0,8.0cd,5,1.64,100,490
491SAT32,19/01/2012,23:43:22,19/01/2012,15:43:22,1.259331,566.25685,28.5,0.52,0,d5.5c,0,3.82,189,491
492SAT32,20/01/2012,03:41:05,19/01/2012,19:41:05,1.261011,566.257346,28,0.22,0,24.0c,0,1.89,195,492
493SAT32,20/01/2012,07:41:23,19/01/2012,23:41:23,1.261575,566.25735,28.5,0.02,0,18.1c,0,2.51,63,493
494SAT32,20/01/2012,11:41:04,20/01/2012,03:41:04,1.260638,566.256866,30.5,0.22,0,9.2cd,0,1.84,120,494
495SAT32,20/01/2012,15:42:01,20/01/2012,07:42:01,1.25927,566.256932,31.5,0.62,0,15.3c,0,9.01,131,495
496SAT32,20/01/2012,19:40:34,20/01/2012,11:40:34,1.25828,566.25762,29.5,1.62,0,9.5cd,0,1.78,133,496
497SAT32,20/01/2012,23:40:34,20/01/2012,15:40:34,1.258362,566.257854,28,0.12,0,11.5c,5,0.91,30,497
498SAT32,21/01/2012,03:40:52,20/01/2012,19:40:52,1.257992,566.256588,27.5,0.31,0,12.3c,3,1.95,146,498
499SAT32,21/01/2012,07:42:53,20/01/2012,23:42:53,1.260239,566.25676,27.5,0.05,0,20.7c,1,1.28,273,499
500SAT32,21/01/2012,11:40:34,21/01/2012,03:40:34,1.262279,566.258234,29,0.85,0,25.6c,0,2.39,258,500
501SAT32,21/01/2012,15:42:34,21/01/2012,07:42:34,1.262217,566.257858,30.5,0.15,0,14.7c,5,1.49,31,501
502SAT32,21/01/2012,19:40:34,21/01/2012,11:40:34,1.259327,566.256674,29,0.59,0,10.2c,0,2.13,364,502
503SAT32,21/01/2012,23:40:34,21/01/2012,15:40:34,1.269272,566.255649,28.5,0.29,0,15.0c,3,1.23,1129,503
504SAT32,22/01/2012,03:41:05,21/01/2012,19:41:05,1.270828,566.254443,28.5,0.09,0,15.5c,0,2.35,203,504
505SAT32,22/01/2012,07:41:59,21/01/2012,23:41:59,1.271961,566.253729,28.5,0.09,0,16.3c,0,1.63,148,505
506SAT32,22/01/2012,11:40:34,22/01/2012,03:40:34,1.272152,566.253239,30.5,0.34,0,16.2c,5,1.93,68,506
507SAT32,22/01/2012,15:42:09,22/01/2012,07:42:09,1.270721,566.24843,31.5,0.19,0,16.6c,2,8.26,545,507
508SAT32,22/01/2012,19:40:35,22/01/2012,11:40:35,1.266225,566.238438,29.5,0.31,0,9.7cd,2,4.46,1206,508
509SAT32,22/01/2012,23:40:34,22/01/2012,15:40:34,1.270326,566.269722,28.5,0.5,0,8.5cd,3,1.68,1060,509
510SAT32,23/01/2012,03:40:34,22/01/2012,19:40:34,1.270855,566.269792,28,0.33,0,3.3cd,5,3.03,57,510
511SAT32,23/01/2012,07:40:34,22/01/2012,23:40:34,1.271517,566.269238,27.5,0.33,0,d2.6c,3,2.58,103,511
512SAT32,23/01/2012,11:41:05,23/01/2012,03:41:05,1.276178,566.260759,29.5,0.46,0,103.9,0,3.04,1064,512
513SAT32,23/01/2012,15:40:58,23/01/2012,07:40:58,1.276882,566.229766,29,2.2,0,25.5c,0,2.42,135,513
514SAT32,23/01/2012,19:41:53,23/01/2012,11:41:53,1.272037,566.265663,28,0.8,0,20.7c,0,1.62,811,514
515SAT32,23/01/2012,23:40:34,23/01/2012,15:40:34,1.27179,566.269879,27.5,0.29,0,16.5c,4,1.37,517,515
516SAT32,24/01/2012,03:40:34,23/01/2012,19:40:34,1.267966,566.269736,27,0.14,0,18.2c,0,0.91,426,516
517SAT32,24/01/2012,07:41:29,23/01/2012,23:41:29,1.272298,566.232697,27.5,0.3,0,20.8c,2,2.47,529,517
518SAT32,24/01/2012,11:41:04,24/01/2012,03:41:04,1.272725,566.236665,30.5,0.26,0,6.1cd,0,2.51,117,518
519SAT32,24/01/2012,15:40:34,24/01/2012,07:40:34,1.271771,566.236699,29.5,0.86,0,7.4cd,5,2.32,114,519
520SAT32,24/01/2012,19:41:52,24/01/2012,11:41:52,1.262228,566.269004,28.5,0.95,0,d12.6,5,2,914,520
521SAT32,24/01/2012,23:40:58,24/01/2012,15:40:58,1.261652,566.267604,28,0.23,0,6.0cd,1,1.95,351,521
522SAT32,25/01/2012,03:40:34,24/01/2012,19:40:34,1.261032,566.265538,27,0.3,0,1.4cd,3,2.88,197,522
523SAT32,25/01/2012,07:41:34,24/01/2012,23:41:34,1.26228,566.264609,27.5,0.12,0,31.1c,1,1.37,218,523
524SAT32,25/01/2012,11:40:34,25/01/2012,03:40:34,1.262995,566.262967,29,0.49,0,6.3cd,1,1.08,255,524
525SAT32,25/01/2012,15:42:35,25/01/2012,07:42:35,1.261673,566.263796,30.5,0.03,0,24.1c,3,2.08,250,525
526SAT32,25/01/2012,19:40:34,25/01/2012,11:40:34,1.260673,566.264708,29.5,0.3,0,d1.4c,5,1.18,151,526
527SAT32,25/01/2012,23:40:35,25/01/2012,15:40:35,1.261806,566.260966,28.5,0.51,0,d3.8c,5,6.57,434,527
528SAT32,26/01/2012,03:43:14,25/01/2012,19:43:14,1.263126,566.22767,28,2.3,0,d88.7,0,4.48,435,528
529SAT32,26/01/2012,07:40:34,25/01/2012,23:40:34,1.267211,566.229998,27.5,0.1,0,6.0cd,4,1.21,563,529
530SAT32,26/01/2012,11:40:34,26/01/2012,03:40:34,1.262611,566.223775,29.5,0.7,0,9.8cd,5,0.95,872,530
531SAT32,26/01/2012,15:40:34,26/01/2012,07:40:34,1.262386,566.225624,31,0.28,0,17.9c,5,2.03,205,531
532SAT32,26/01/2012,19:40:34,26/01/2012,11:40:34,1.261562,566.267834,28.5,0.18,0,7.4cd,3,1.66,1357,532
533SAT32,26/01/2012,23:40:34,26/01/2012,15:40:34,1.262629,566.268886,28.5,0.29,0,10.8c,5,0.9,166,533
534SAT32,27/01/2012,03:41:12,26/01/2012,19:41:12,1.268536,566.266467,28,0.88,0,67.2c,0,3.71,712,534
535SAT32,27/01/2012,07:40:53,26/01/2012,23:40:53,1.270032,566.267047,27.5,0.68,0,8.0cd,5,4.93,180,535
536SAT32,27/01/2012,11:40:35,27/01/2012,03:40:35,1.273199,566.268705,28,0.37,0,8.2cd,1,2.71,398,536
537SAT32,27/01/2012,15:40:34,27/01/2012,07:40:34,1.271593,566.230969,28,0.28,0,29.3c,5,1.23,308,537
538SAT32,27/01/2012,19:40:34,27/01/2012,11:40:34,1.271552,566.230287,27.5,1.02,0,4.3cd,5,1.63,87,538
539SAT32,27/01/2012,23:42:55,27/01/2012,15:42:55,1.261272,566.266377,27,3.51,0,21.9c,4,8.66,1199,539
540SAT32,28/01/2012,03:42:11,27/01/2012,19:42:11,1.263172,566.260735,27.5,6.61,0,20.6c,0,7.69,653,540
541SAT32,28/01/2012,07:40:34,27/01/2012,23:40:34,1.263653,566.260056,26.5,0.31,0,12.6c,3,1.36,92,541
542SAT32,28/01/2012,15:42:30,28/01/2012,07:42:30,1.256357,566.097683,31,1.55,0,23.0c,3,2.13,2651,542
543SAT32,28/01/2012,19:42:35,28/01/2012,11:42:35,1.225217,566.202629,28.5,1.24,0,13.4c,5,2.86,1309,543
544SAT32,28/01/2012,23:41:35,28/01/2012,15:41:35,1.233526,566.207008,28,2.23,0,d8.3c,5,6.98,1452,544
545SAT32,29/01/2012,03:40:34,28/01/2012,19:40:34,1.227665,566.202406,27.5,0.43,0,d3.0c,5,4.06,901,545
546SAT32,29/01/2012,07:42:01,28/01/2012,23:42:01,1.22326,566.202237,27.5,1.51,0,17.8c,0,5.13,469,546
547SAT32,29/01/2012,11:44:00,29/01/2012,03:44:00,1.221827,566.093464,30,0.11,0,d4.8c,4,6.81,873,547
548SAT32,29/01/2012,15:40:54,29/01/2012,07:40:54,1.219373,566.087992,31,0.11,0,19.2c,0,1.62,662,548
549SAT32,29/01/2012,19:40:34,29/01/2012,11:40:34,1.207903,566.086459,28,0.31,0,13.5c,5,0.83,1288,549
550SAT32,29/01/2012,23:40:34,29/01/2012,15:40:34,1.206661,566.085668,28,0.1,0,5.9cd,5,0.78,191,550
551SAT32,30/01/2012,03:40:34,29/01/2012,19:40:34,1.206981,566.085554,26.5,0.18,0,d0.7c,2,1.48,48,551
552SAT32,30/01/2012,07:41:35,29/01/2012,23:41:35,1.210772,566.082465,27.5,0.78,0,13.6c,5,4.1,619,552
553SAT32,30/01/2012,11:41:05,30/01/2012,03:41:05,1.212172,566.074704,30,0.44,0,16.3c,1,2.39,839,553
554SAT32,30/01/2012,15:42:26,30/01/2012,07:42:26,1.215781,566.066555,33.5,0.64,0,d4.3c,5,2.3,921,554
555SAT32,30/01/2012,19:40:34,30/01/2012,11:40:34,1.2185,566.054546,28.5,0.61,0,4.6cd,5,1.56,1365,555
556SAT32,30/01/2012,23:41:35,30/01/2012,15:41:35,1.213628,566.046479,28.5,0.11,0,28.9c,0,1.07,1044,556
557SAT32,31/01/2012,03:40:54,30/01/2012,19:40:54,1.212382,566.04632,27,0.4,0,30.9c,4,6.13,84,557
558SAT32,31/01/2012,03:40:54,30/01/2012,19:40:54,1.212382,566.04632,27,0.4,0,30.9c,0,6.13,0,558
559SAT32,31/01/2012,11:42:30,31/01/2012,03:42:30,1.220071,566.044559,29.5,0.73,0,24.2c,5,1.58,662,559
560SAT32,31/01/2012,15:41:54,31/01/2012,07:41:54,1.221228,566.039266,31,2.31,0,22.5c,5,1.2,621,560
561SAT32,31/01/2012,19:41:05,31/01/2012,11:41:05,1.212711,566.032453,30,2.16,166,9.9cd,5,1.64,1290,561
562SAT32,31/01/2012,23:40:34,31/01/2012,15:40:34,1.213525,566.03689,28,0.04,0,14.7c,5,0.93,183,562
563SAT32,01/02/2012,03:41:04,31/01/2012,19:41:04,1.21179,566.067265,27.5,1.26,0,21.6c,1,2.76,667,563
564SAT32,01/02/2012,07:40:34,31/01/2012,23:40:34,1.211323,566.068862,28,0.22,0,8.6cd,5,0.94,195,564
565SAT32,01/02/2012,11:41:05,01/02/2012,03:41:05,1.212283,566.067908,31.5,0.68,0,54.9c,2,2.56,147,565
566SAT32,01/02/2012,15:40:34,01/02/2012,07:40:34,1.211707,566.069757,33.5,0.52,0,14.3c,1,1.21,215,566
567SAT32,01/02/2012,19:40:34,01/02/2012,11:40:34,1.212277,566.032603,30.5,0.91,0,8.2cd,5,1.65,214,567
568SAT32,01/02/2012,23:40:34,01/02/2012,15:40:34,1.211257,566.06953,28.5,0.33,0,15.3c,5,0.82,247,568
569SAT32,02/02/2012,03:40:34,01/02/2012,19:40:34,1.212113,566.065976,28,0.2,0,29.5c,4,1.82,401,569
570SAT32,02/02/2012,07:40:34,01/02/2012,23:40:34,1.211323,566.068558,27.5,0.3,0,12.3c,5,0.95,299,570
571SAT32,02/02/2012,11:41:29,02/02/2012,03:41:29,1.212273,566.069586,32,0.04,0,10.6c,5,1.24,155,571
572SAT32,02/02/2012,15:41:29,02/02/2012,07:41:29,1.212027,566.069949,37.5,0.06,0,11.9c,5,2.26,49,572
573SAT32,02/02/2012,19:40:34,02/02/2012,11:40:34,1.213258,566.036954,30,0.81,0,15.1c,5,0.9,369,573
574SAT32,02/02/2012,23:40:34,02/02/2012,15:40:34,1.211552,566.069783,28.5,0.11,0,15.0c,5,0.82,410,574
575SAT32,03/02/2012,03:41:31,02/02/2012,19:41:31,1.211652,566.06297,27.5,0.14,0,101.5,0,5.51,866,575
576SAT32,03/02/2012,07:41:05,02/02/2012,23:41:05,1.212073,566.064657,27.5,0.04,0,20.8c,1,1.82,301,576
577SAT32,03/02/2012,11:41:35,03/02/2012,03:41:35,1.212272,566.066708,32,0.34,0,40.1c,5,3.56,221,577
578SAT32,03/02/2012,15:41:34,03/02/2012,07:41:34,1.211879,566.065967,32,0.46,0,35.7c,1,2.18,367,578
579SAT32,03/02/2012,19:40:34,03/02/2012,11:40:34,1.213692,566.033269,30.5,0.14,0,18.9c,5,0.86,819,579
580SAT32,03/02/2012,23:40:34,03/02/2012,15:40:34,1.211757,566.030064,28.5,0.1,0,11.9c,5,1.26,402,580
581SAT32,04/02/2012,03:40:34,03/02/2012,19:40:34,1.211632,566.067058,28.5,0.37,0,39.0c,3,2.09,333,581
582SAT32,04/02/2012,07:40:34,03/02/2012,23:40:34,1.211372,566.069033,27.5,0.09,0,12.0c,5,0.97,221,582
583SAT32,04/02/2012,11:40:34,04/02/2012,03:40:34,1.212282,566.068344,29.5,0.43,0,d6.2c,2,2.98,333,583
584SAT32,04/02/2012,15:40:34,04/02/2012,07:40:34,1.212128,566.030784,28.5,0.35,0,17.1c,3,0.94,362,584
585SAT32,04/02/2012,19:43:28,04/02/2012,11:43:28,1.212837,566.036265,29.5,0.5,0,27.5c,4,1.5,336,585
586SAT32,04/02/2012,19:43:28,04/02/2012,11:43:28,1.212837,566.036265,29.5,0.5,0,27.5c,4,1.5,0,586
587SAT32,04/02/2012,19:43:28,04/02/2012,11:43:28,1.212837,566.036265,29.5,0.5,0,27.5c,5,1.5,0,587
588SAT32,05/02/2012,03:40:34,04/02/2012,19:40:34,1.201326,566.024223,27,0.4,0,25.8c,4,2.14,2498,588
589SAT32,05/02/2012,07:40:53,04/02/2012,23:40:53,1.200557,566.024366,27.5,0.89,0,8.2cd,5,6.52,91,589
590SAT32,05/02/2012,11:40:34,05/02/2012,03:40:34,1.20029,566.024909,31,0.51,0,12.1c,0,2.6,72,590
591SAT32,05/02/2012,15:40:59,05/02/2012,07:40:59,1.396266,566.024669,31,0.09,0,7.6cd,4,1.71,427,591
592SAT32,05/02/2012,19:40:59,05/02/2012,11:40:59,1.200829,566.060546,29,0.05,0,8.0cd,5,2.26,813,592
593SAT32,05/02/2012,23:40:34,05/02/2012,15:40:34,1.20272,566.064546,28,0.37,0,15.0c,5,2.32,491,593
594SAT32,06/02/2012,03:40:34,05/02/2012,19:40:34,1.203126,566.063066,27.5,1.38,0,15.3c,0,2.1,173,594
595SAT32,06/02/2012,07:41:06,05/02/2012,23:41:06,1.202265,566.066654,27.5,0.01,0,44.7c,0,8.52,84,595
596SAT32,06/02/2012,11:41:29,06/02/2012,03:41:29,1.202238,566.062543,32,0.01,0,25.2c,5,1.51,123,596
597SAT32,06/02/2012,15:40:34,06/02/2012,07:40:34,1.201918,566.063983,35,0.17,0,16.0c,5,1.32,276,597
598SAT32,06/02/2012,19:41:07,06/02/2012,11:41:07,1.202687,566.066747,29.5,2.14,0,8.1cd,5,3.3,162,598
599SAT32,06/02/2012,23:40:34,06/02/2012,15:40:34,1.203633,566.023339,28,0.28,0,19.4c,5,0.87,1048,599
600SAT32,07/02/2012,03:40:59,06/02/2012,19:40:59,1.202806,566.025037,27.5,0.11,0,d15.8,2,1.89,210,600
601SAT32,07/02/2012,07:40:34,06/02/2012,23:40:34,1.202086,566.024677,27,0.4,0,20.8c,0,2.18,116,601
602SAT32,07/02/2012,11:40:34,07/02/2012,03:40:34,1.201923,566.025922,29.5,0.4,0,d1.3c,0,3.25,182,602
603SAT32,07/02/2012,15:40:53,07/02/2012,07:40:53,1.399022,566.027585,31.5,0,0,40.7c,0,1.8,372,603
604SAT32,07/02/2012,19:41:05,07/02/2012,11:41:05,1.202511,566.065679,29.5,0.7,10,11.2c,4,1.04,1049,604
605SAT32,07/02/2012,23:40:34,07/02/2012,15:40:34,1.201818,566.066336,28.5,0.07,0,15.3c,5,1.06,443,605
606SAT32,08/02/2012,03:40:34,07/02/2012,19:40:34,1.200739,566.026479,28,0.5,0,14.9c,1,2.01,660,606
607SAT32,08/02/2012,07:41:00,07/02/2012,23:41:00,1.397337,566.025577,28,0.8,0,55.0c,2,3.01,392,607
608SAT32,08/02/2012,11:40:34,08/02/2012,03:40:34,1.397191,566.025676,30.5,0.4,0,7.8cd,0,4.66,19,608
609SAT32,08/02/2012,15:40:53,08/02/2012,07:40:53,1.396626,566.024845,31,0.3,0,26.3c,0,2.4,111,609
610SAT32,08/02/2012,19:40:34,08/02/2012,11:40:34,1.205926,566.024096,29,0.1,0,11.9c,5,1.2,1041,610
611SAT32,08/02/2012,23:41:35,08/02/2012,15:41:35,1.205789,227.996762,28.5,3.33,0,23.1c,5,4.76,1921,611
612SAT32,09/02/2012,03:40:34,08/02/2012,19:40:34,1.213107,227.987249,28,0.05,0,11.1c,0,0.8,1341,612
613SAT32,09/02/2012,11:41:05,09/02/2012,03:41:05,1.212625,227.9822,30.5,0.05,0,34.8c,2,1.57,672,613
614SAT32,09/02/2012,15:41:06,09/02/2012,07:41:06,1.21267,227.983866,33,0.85,0,21.3c,5,3.04,302,614
615SAT32,09/02/2012,19:40:34,09/02/2012,11:40:34,1.213122,227.987224,30.5,0.33,0,12.8c,4,0.92,368,615
616SAT32,09/02/2012,23:40:34,09/02/2012,15:40:34,1.212901,227.987799,29,0.33,0,24.4c,5,1.63,80,616
617SAT32,10/02/2012,03:40:34,09/02/2012,19:40:34,1.216289,227.98568,28,0.21,0,d0.8c,0,5.66,444,617
618SAT32,10/02/2012,07:42:35,09/02/2012,23:42:35,1.213868,227.983366,28,1.51,0,30.1c,1,3.1,372,618
619SAT32,10/02/2012,11:40:35,10/02/2012,03:40:35,1.212558,227.984643,29.5,0.21,0,63.6c,1,3.46,124,619
620SAT32,10/02/2012,15:40:35,10/02/2012,07:40:35,1.212953,227.983664,33,0.21,0,17.1c,3,3.17,190,620
621SAT32,10/02/2012,19:40:59,10/02/2012,11:40:59,1.213032,227.987584,29,1.36,0,13.0c,5,4.47,435,621
622SAT32,10/02/2012,23:40:34,10/02/2012,15:40:34,1.213095,227.985426,28,0.21,0,14.3c,5,0.85,240,622
623SAT32,11/02/2012,03:40:34,10/02/2012,19:40:34,1.215311,227.985348,27.5,0.02,0,24.4c,0,3.48,247,623
624SAT32,11/02/2012,07:40:34,10/02/2012,23:40:34,1.213688,227.987436,27.5,0.12,0,0.7cd,0,2.34,294,624
625SAT32,11/02/2012,11:42:04,11/02/2012,03:42:04,1.211931,227.990692,30,1.26,0,8.0cd,0,1.7,410,625
626SAT32,11/02/2012,15:41:36,11/02/2012,07:41:36,1.210686,227.989328,29,0.12,0,23.6c,0,2.43,206,626
627SAT32,11/02/2012,19:40:34,11/02/2012,11:40:34,1.207838,227.986445,27.5,0.3,0,9.0cd,5,1.75,449,627
628SAT32,11/02/2012,23:43:24,11/02/2012,15:43:24,1.20322,227.985997,28,1.02,0,45.3c,5,5.39,492,628
629SAT32,12/02/2012,07:43:05,11/02/2012,23:43:05,1.20838,227.998928,28,0.23,0,d1.0c,0,1.75,1534,629
630SAT32,12/02/2012,11:40:59,12/02/2012,03:40:59,1.208231,227.998559,30,0.01,0,30.3c,3,1.39,43,630
631SAT32,12/02/2012,15:41:05,12/02/2012,07:41:05,1.205368,566.020856,30,0.38,0,28.4c,0,1.21,1400,631
632SAT32,12/02/2012,19:40:34,12/02/2012,11:40:34,1.206306,566.06544,29,4.78,0,14.3c,5,2.57,1620,632
633SAT32,12/02/2012,23:41:35,12/02/2012,15:41:35,1.397868,566.029305,28.5,1.93,0,21.4c,4,1.86,1160,633
634SAT32,13/02/2012,03:40:34,12/02/2012,19:40:34,1.395272,566.027759,28,0.23,0,11.2c,4,1.88,336,634
635SAT32,13/02/2012,07:40:34,12/02/2012,23:40:34,1.395127,566.063467,28,0.18,0,10.1c,5,1.36,633,635
636SAT32,13/02/2012,11:41:06,13/02/2012,03:41:06,1.392791,566.063708,30.5,0.48,0,31.1c,0,1.13,46,636
637SAT32,13/02/2012,15:41:31,13/02/2012,07:41:31,1.396288,566.06097,31.5,0.79,0,20.6c,1,2.63,346,637
638SAT32,13/02/2012,19:40:34,13/02/2012,11:40:34,1.396281,566.027072,29,0.34,0,4.3cd,0,1.57,433,638
639SAT32,13/02/2012,23:40:34,13/02/2012,15:40:34,1.392222,566.026624,29,0.18,0,21.4c,5,0.84,269,639
640SAT32,14/02/2012,03:40:34,13/02/2012,19:40:34,1.392353,566.026268,28.5,0.49,0,16.0c,1,0.95,17,640
641SAT32,14/02/2012,07:41:24,13/02/2012,23:41:24,1.398626,566.066685,28,1.48,0,11.8c,0,4.89,833,641
642SAT32,14/02/2012,11:41:04,14/02/2012,03:41:04,1.39568,566.065535,29,0.86,0,30.8c,0,1.37,489,642
643SAT32,14/02/2012,15:40:36,14/02/2012,07:40:36,1.392222,566.064554,29,0.62,0,10.6c,5,2.6,195,643
644SAT32,14/02/2012,19:41:23,14/02/2012,11:41:23,1.392283,566.063657,28.5,0.06,0,10.1c,2,1.77,241,644
645SAT32,14/02/2012,23:40:34,14/02/2012,15:40:34,1.392209,566.063778,28,0.07,0,10.6c,0,2.18,201,645
646SAT32,15/02/2012,03:40:34,14/02/2012,19:40:34,1.398227,566.029923,27.5,2.73,0,8.2cd,5,2.85,621,646
647SAT32,15/02/2012,07:41:36,14/02/2012,23:41:36,1.398225,566.069726,28,0.96,0,30.5c,0,2.23,1086,647
648SAT32,15/02/2012,11:41:53,15/02/2012,03:41:53,1.201233,566.03096,30,0.06,0,26.7c,2,1.31,379,648
649SAT32,15/02/2012,15:40:34,15/02/2012,07:40:34,1.39858,566.060822,33,1.01,0,21.8c,5,0.96,1165,649
650SAT32,15/02/2012,19:41:05,15/02/2012,11:41:05,1.39268,566.024644,30,0.43,0,18.0c,5,1.99,810,650
651SAT32,15/02/2012,23:40:59,15/02/2012,15:40:59,1.395269,566.027665,28.5,0.73,0,43.6c,0,7.27,303,651
652SAT32,16/02/2012,03:40:34,15/02/2012,19:40:34,1.396911,566.028376,28,0.13,0,21.5c,3,1.21,202,652
653SAT32,16/02/2012,07:41:05,15/02/2012,23:41:05,1.397761,566.066657,28.5,1.03,0,21.9c,2,2.52,923,653
654SAT32,16/02/2012,15:41:22,16/02/2012,07:41:22,1.207157,566.08266,33,0.68,0,1.1cd,2,1.45,6137,654
655SAT32,16/02/2012,19:40:34,16/02/2012,11:40:34,1.217928,566.089484,29.5,0.31,0,35.8c,0,1.44,1509,655
656SAT32,16/02/2012,23:40:34,16/02/2012,15:40:34,1.21769,566.092668,27,0.18,0,14.6c,5,1.07,239,656
657SAT32,17/02/2012,03:41:35,16/02/2012,19:41:35,1.222121,566.095462,28,0.25,0,d6.0c,0,2.35,651,657
658SAT32,17/02/2012,07:41:35,16/02/2012,23:41:35,1.222282,566.095565,27,0.35,0,9.7cd,0,2.22,19,658
659SAT32,17/02/2012,11:43:59,17/02/2012,03:43:59,1.231333,566.209096,30,2.1,0,30.1c,0,2.71,1810,659
660SAT32,17/02/2012,15:40:34,17/02/2012,07:40:34,1.232525,566.225267,32.5,0.25,0,32.5c,4,1.33,686,660
661SAT32,17/02/2012,19:41:54,17/02/2012,11:41:54,1.232228,566.225336,30,0.35,0,d16.8,4,2.11,40,661
662SAT32,17/02/2012,23:41:28,17/02/2012,15:41:28,1.233597,566.2233,29,1.95,0,40.3c,0,1.6,272,662
663SAT32,18/02/2012,03:41:28,17/02/2012,19:41:28,1.226968,566.094905,27,0.15,0,14.6c,5,1.47,2524,663
664SAT32,18/02/2012,07:43:35,17/02/2012,23:43:35,1.229192,566.099563,27.5,2.61,0,21.6c,2,1.85,573,664
665SAT32,18/02/2012,11:40:34,18/02/2012,03:40:34,1.22998,566.200706,29,0.41,0,16.9c,5,1.13,154,665
666SAT32,18/02/2012,15:41:29,18/02/2012,07:41:29,1.252252,566.209975,30.5,0.02,0,d14.4,5,1.79,1141,666
667SAT32,18/02/2012,23:41:59,18/02/2012,15:41:59,1.273126,566.235776,28.5,1.44,0,34.5c,2,2.36,3534,667
668SAT32,19/02/2012,03:41:06,18/02/2012,19:41:06,1.272202,566.236843,27.5,0.07,0,d4.5c,5,3.89,157,668
669SAT32,19/02/2012,07:40:52,18/02/2012,23:40:52,1.273808,566.239326,27.5,0.95,0,19.2c,5,2.29,327,669
670SAT32,19/02/2012,19:40:28,19/02/2012,11:40:28,1.253395,566.275834,29,0.15,0,14.2c,5,1.71,4641,670
671SAT32,19/02/2012,23:41:35,19/02/2012,15:41:35,1.255355,566.28347,28.5,1.79,0,16.5c,5,2.25,874,671
672SAT32,20/02/2012,03:40:34,19/02/2012,19:40:34,1.255528,566.284662,28,0.35,0,49.9c,4,1.27,129,672
673SAT32,20/02/2012,07:40:38,19/02/2012,23:40:38,1.252223,566.284598,27.5,0.28,0,9.5cd,5,3.4,145,673
674SAT32,20/02/2012,11:41:00,20/02/2012,03:41:00,1.255268,566.288049,31.5,0.51,0,d12.5,0,2.69,407,674
675SAT32,20/02/2012,15:42:31,20/02/2012,07:42:31,1.277222,566.297708,30.5,0.71,0,d18.5,0,3.1,2668,675
676SAT32,20/02/2012,19:40:34,20/02/2012,11:40:34,1.287898,566.600888,29,0.61,0,6.3cd,2,0.96,1218,676
677SAT32,20/02/2012,23:42:34,20/02/2012,15:42:34,1.296839,566.604605,28.5,1.17,0,1.8cd,5,4.11,1061,677
678SAT32,21/02/2012,03:40:53,20/02/2012,19:40:53,1.292671,566.602685,28.5,0.81,0,50.4c,5,1.89,369,678
679SAT32,21/02/2012,07:41:53,20/02/2012,23:41:53,1.278173,566.297978,28.5,3.24,0,6.0cd,5,2.78,1882,679
680SAT32,21/02/2012,11:41:29,21/02/2012,03:41:29,1.285172,566.299692,32,0.04,0,9.7cd,5,1.35,802,680
681SAT32,21/02/2012,15:40:34,21/02/2012,07:40:34,1.285225,566.299599,32.5,0.14,0,11.9c,5,1.25,30,681
682SAT32,21/02/2012,19:42:35,21/02/2012,11:42:35,1.293963,566.602455,29.5,1.25,42,14.7c,5,2.56,972,682
683SAT32,21/02/2012,23:40:34,21/02/2012,15:40:34,1.297031,566.606837,27.5,0.23,0,10.6c,5,0.95,374,683
684SAT32,22/02/2012,03:40:34,21/02/2012,19:40:34,1.29172,566.602332,27.5,0.16,0,8.4cd,5,0.93,612,684
685SAT32,22/02/2012,07:40:34,21/02/2012,23:40:34,1.275102,566.296934,27.5,0.37,0,17.2c,4,1.67,1915,685
686SAT32,22/02/2012,11:40:59,22/02/2012,03:40:59,1.277108,566.297607,31,1.31,0,30.3c,0,1.8,225,686
687SAT32,22/02/2012,15:40:36,22/02/2012,07:40:36,1.287936,566.600765,34,4.21,0,d4.7c,0,10.1,1268,687
688SAT32,22/02/2012,19:40:34,22/02/2012,11:40:34,1.297323,566.606669,29,0.91,0,14.9c,5,0.85,1066,688
689SAT32,22/02/2012,23:40:34,22/02/2012,15:40:34,1.297752,566.604067,28.5,0.21,0,30.4c,5,1.31,162,689
690SAT32,23/02/2012,03:40:34,22/02/2012,19:40:34,1.297318,566.606766,27.5,0.19,0,9.1cd,5,1.02,157,690
691SAT32,23/02/2012,11:41:05,23/02/2012,03:41:05,1.275551,566.295065,30.5,0.85,0,51.6c,5,2.75,2569,691
692SAT32,23/02/2012,15:40:34,23/02/2012,07:40:34,1.277999,566.29432,29.5,0.25,0,37.2c,3,1.25,284,692
693SAT32,23/02/2012,23:42:05,23/02/2012,15:42:05,1.296566,566.604687,27.5,2.41,0,21.7c,3,3.95,2344,693
694SAT32,24/02/2012,03:40:34,23/02/2012,19:40:34,1.500128,566.604294,27,0.63,0,8.6cd,5,1.06,397,694
695SAT32,24/02/2012,07:40:34,23/02/2012,23:40:34,1.500315,566.604365,27,0.33,0,11.2c,5,1.38,25,695
696SAT32,24/02/2012,11:41:04,24/02/2012,03:41:04,1.500957,566.602406,30.5,0.84,0,30.3c,1,2.3,332,696
697SAT32,24/02/2012,15:41:01,24/02/2012,07:41:01,1.500979,566.602667,30.5,0.44,0,37.6c,1,2.68,29,697
698SAT32,24/02/2012,19:40:53,24/02/2012,11:40:53,1.299678,566.603652,29,0.04,0,6.5cd,3,1.62,263,698
699SAT32,24/02/2012,23:40:34,24/02/2012,15:40:34,1.29856,566.606472,27.5,0.54,0,11.3c,5,0.91,181,699
700SAT32,25/02/2012,03:40:34,24/02/2012,19:40:34,1.298502,566.602954,26.5,0.15,0,12.4c,5,0.8,58,700
701SAT32,25/02/2012,07:40:34,24/02/2012,23:40:34,1.500726,566.600784,27,0.24,0,26.1c,2,1.68,279,701
702SAT32,25/02/2012,11:40:34,25/02/2012,03:40:34,1.500173,566.60047,30,0.14,0,21.2c,0,1.46,71,702
703SAT32,25/02/2012,15:40:34,25/02/2012,07:40:34,1.299288,566.602236,35,0.14,0,14.0c,5,0.87,123,703
704SAT32,25/02/2012,19:40:34,25/02/2012,11:40:34,1.29881,566.600899,28,0.34,0,10.7c,5,0.91,59,704
705SAT32,25/02/2012,23:40:34,25/02/2012,15:40:34,1.299202,566.600644,27.5,0.18,0,17.4c,5,1.04,52,705
706SAT32,26/02/2012,03:40:34,25/02/2012,19:40:34,1.299922,566.29976,28,0.19,0,19.8c,2,1.04,128,706
707SAT32,26/02/2012,07:40:34,25/02/2012,23:40:34,1.298985,566.602678,27.5,0.88,0,9.5cd,5,1.02,199,707
708SAT32,26/02/2012,11:40:34,26/02/2012,03:40:34,1.500095,566.600842,30.5,0.3,0,64.7c,1,1.8,133,708
709SAT32,26/02/2012,15:40:34,26/02/2012,07:40:34,1.297667,566.606076,32,0.1,0,15.9c,5,1.04,303,709
710SAT32,26/02/2012,19:40:34,26/02/2012,11:40:34,1.298682,566.600776,28,0.3,0,7.0cd,5,1.1,183,710
711SAT32,26/02/2012,23:40:34,26/02/2012,15:40:34,1.298211,566.606352,27.5,0.23,0,15.3c,5,0.78,183,711
712SAT32,27/02/2012,03:40:34,26/02/2012,19:40:34,1.500678,566.60457,27,0.04,0,13.6c,5,1.2,369,712
713SAT32,27/02/2012,07:40:34,26/02/2012,23:40:34,1.299213,566.604709,28,0.19,0,d4.3c,4,2.2,142,713
714SAT32,27/02/2012,11:40:34,27/02/2012,03:40:34,1.299222,566.604695,30.5,0.44,0,14.2c,5,2.09,46,714
715SAT32,27/02/2012,15:40:34,27/02/2012,07:40:34,1.500127,566.604984,28.5,0.75,0,23.4c,5,3.62,110,715
716SAT32,27/02/2012,19:40:35,27/02/2012,11:40:35,1.298825,566.603624,28,1.02,0,38.2c,2,3.62,243,716
717SAT32,27/02/2012,23:40:34,27/02/2012,15:40:34,1.297561,566.606339,27,0.21,0,22.5c,5,0.73,173,717
718SAT32,28/02/2012,03:40:34,27/02/2012,19:40:34,1.297513,566.606628,26.5,0.55,0,9.5cd,5,0.71,14,718
719SAT32,28/02/2012,07:41:05,27/02/2012,23:41:05,1.500252,566.606348,27,0.31,0,22.0c,4,1.26,327,719
720SAT32,28/02/2012,11:40:34,28/02/2012,03:40:34,1.281657,566.298337,30.5,0.54,0,38.1c,0,1.35,2139,720
721SAT32,28/02/2012,15:40:34,28/02/2012,07:40:34,1.282229,566.299048,34,0.31,0,12.4c,2,1.48,319,721
722SAT32,28/02/2012,19:40:34,28/02/2012,11:40:34,1.296915,566.602546,28,0.14,0,12.4c,5,0.92,1417,722
723SAT32,28/02/2012,23:40:34,28/02/2012,15:40:34,1.297512,566.60098,27.5,0.62,0,15.5c,5,1.26,91,723
724SAT32,29/02/2012,03:40:34,28/02/2012,19:40:34,1.296776,566.602672,26.5,0.12,0,3.3cd,3,0.83,112,724
725SAT32,29/02/2012,11:42:30,29/02/2012,03:42:30,1.281289,566.298088,31,0.44,0,19.0c,2,2.46,1747,725
726SAT32,29/02/2012,15:42:34,29/02/2012,07:42:34,1.290296,566.299798,32,0.04,0,32.4c,0,1.79,999,726
727SAT32,29/02/2012,19:40:34,29/02/2012,11:40:34,1.297928,566.600665,28.5,0.14,0,16.8c,5,0.86,854,727
728SAT32,29/02/2012,23:40:34,29/02/2012,15:40:34,1.298255,566.298977,27.5,0.12,0,21.2c,1,1.4,192,728
729SAT32,01/03/2012,03:40:35,29/02/2012,19:40:35,1.503138,566.299226,27.5,0.12,0,d5.6c,5,1.41,522,729
730SAT32,01/03/2012,11:42:00,01/03/2012,03:42:00,1.518136,566.620799,31,0.32,0,14.7c,0,2.1,2113,730
731SAT32,01/03/2012,15:40:34,01/03/2012,07:40:34,1.517832,566.626066,30,0.22,0,18.7c,0,1.55,140,731
732SAT32,01/03/2012,19:40:34,01/03/2012,11:40:34,1.521377,566.625674,29.5,0.64,0,14.7c,0,3.09,565,732
733SAT32,01/03/2012,23:41:05,01/03/2012,15:41:05,1.517658,566.62974,29,0.64,0,d13.1,0,2.66,612,733
734SAT32,02/03/2012,03:40:34,01/03/2012,19:40:34,1.517071,566.660562,28,0.14,0,25.1c,0,0.91,112,734
735SAT32,02/03/2012,07:40:34,01/03/2012,23:40:34,1.516669,566.660779,27.5,0.24,0,d9.9c,1,5.27,51,735
736SAT32,02/03/2012,11:40:34,02/03/2012,03:40:34,1.517596,566.662462,29.5,0.44,0,33.3c,3,2.67,128,736
737SAT32,02/03/2012,15:43:35,02/03/2012,07:43:35,1.515213,566.665732,33,0.02,0,8.8cd,0,1.53,532,737
738SAT32,02/03/2012,23:41:04,02/03/2012,15:41:04,1.297832,566.650469,28.5,0.62,0,6.7cd,0,2.72,3368,738
739SAT32,03/03/2012,03:43:30,02/03/2012,19:43:30,1.297337,566.659592,28,0.62,0,28.7c,1,1.92,1012,739
740SAT32,03/03/2012,07:40:54,02/03/2012,23:40:54,1.296251,566.665805,27.5,0.11,0,54.8c,1,4.23,696,740
741SAT32,03/03/2012,15:41:05,03/03/2012,07:41:05,1.291129,566.68682,33.5,0.34,0,27.5c,5,1.41,2401,741
742SAT32,03/03/2012,19:40:34,03/03/2012,11:40:34,1.282092,566.682739,-34,0.52,0,19.8c,5,1.02,966,742
743SAT32,03/03/2012,23:40:53,03/03/2012,15:40:53,1.288098,566.680648,29.5,0.84,0,10.8c,5,2.52,476,743
744SAT32,04/03/2012,03:40:55,03/03/2012,19:40:55,1.288758,566.682647,30,0.17,0,98.6c,0,1.84,133,744
745SAT32,04/03/2012,07:41:35,03/03/2012,23:41:35,1.28999,566.682246,29,0.07,0,16.8c,5,1.31,138,745
746SAT32,04/03/2012,11:41:29,04/03/2012,03:41:29,1.291915,566.678372,31.5,0.64,0,15.8c,2,2.7,375,746
747SAT32,04/03/2012,15:42:35,04/03/2012,07:42:35,1.5035,566.674753,29,0.14,0,9.4cd,0,2.06,1351,747
748SAT32,04/03/2012,19:41:59,04/03/2012,11:41:59,1.507239,566.673639,29.5,0.14,0,21.5c,0,1.35,434,748
749SAT32,04/03/2012,23:40:34,04/03/2012,15:40:34,1.507229,566.676543,28.5,0.04,0,15.9c,5,0.89,322,749
750SAT32,05/03/2012,03:40:59,04/03/2012,19:40:59,1.508367,566.676375,28.5,0.04,0,19.0c,5,1.74,128,750
751SAT32,05/03/2012,07:42:05,04/03/2012,23:42:05,1.508725,566.67496,28.5,1.2,0,14.5c,5,1.51,167,751
752SAT32,05/03/2012,11:42:05,05/03/2012,03:42:05,1.297223,566.673966,29,1.27,0,23.2c,5,1.87,1263,752
753SAT32,05/03/2012,15:40:34,05/03/2012,07:40:34,1.292127,566.676343,29,0.62,0,d21.5,2,3.48,456,753
754SAT32,05/03/2012,19:42:55,05/03/2012,11:42:55,1.286937,566.682025,29,0.27,0,27.9c,0,1.82,953,754
755SAT32,05/03/2012,23:41:53,05/03/2012,15:41:53,1.287366,566.68758,29,1.67,0,38.0c,3,5.34,729,755
756SAT32,06/03/2012,03:40:34,05/03/2012,19:40:34,1.295712,566.685465,28,0.36,0,36.8c,0,1.15,959,756
757SAT32,06/03/2012,07:40:34,05/03/2012,23:40:34,1.296,566.685382,28,0.32,0,31.0c,5,1.22,32,757
758SAT32,06/03/2012,11:40:58,06/03/2012,03:40:58,1.509722,566.306005,29.5,0.25,0,63.2c,0,1.69,2750,758
759SAT32,06/03/2012,15:40:35,06/03/2012,07:40:35,1.512607,566.309275,29,0.35,0,44.0c,0,5.36,474,759
760SAT32,06/03/2012,19:40:56,06/03/2012,11:40:56,1.51236,566.32648,29,0.78,0,56.7c,0,11.8,415,760
761SAT32,06/03/2012,23:40:34,06/03/2012,15:40:34,1.521187,566.323972,28.5,0.35,0,32.3c,0,1.44,778,761
762SAT32,07/03/2012,03:40:35,06/03/2012,19:40:35,1.521092,566.323838,28.5,0.47,0,42.0c,5,1.54,18,762
763SAT32,07/03/2012,07:42:35,06/03/2012,23:42:35,1.523307,566.324922,28.5,0.14,0,44.3c,5,1.27,274,763
764SAT32,07/03/2012,11:42:35,07/03/2012,03:42:35,1.525133,566.327325,30,0.05,0,35.9c,5,1.71,335,764
765SAT32,07/03/2012,19:40:34,07/03/2012,11:40:34,1.557366,566.336906,29,0.45,0,14.8c,1,1.8,3982,765
766SAT32,07/03/2012,23:40:34,07/03/2012,15:40:34,1.558662,566.332662,28,0.65,0,11.4c,5,1.21,199,766
767SAT32,08/03/2012,03:40:34,07/03/2012,19:40:34,1.55732,566.333728,27.5,0.52,0,7.8cd,5,1.1,273,767
768SAT32,08/03/2012,11:40:34,08/03/2012,03:40:34,1.558666,566.363362,29.5,0.36,0,d3.7c,0,3.13,1162,768
769SAT32,08/03/2012,15:41:58,08/03/2012,07:41:58,1.552273,566.363483,30.5,0.31,0,11.6c,5,1.57,467,769
770SAT32,08/03/2012,19:40:34,08/03/2012,11:40:34,1.552229,566.364072,29.5,0.41,0,10.2c,5,0.87,65,770
771SAT32,08/03/2012,23:41:35,08/03/2012,15:41:35,1.551222,566.328876,28.5,0.19,0,4.2cd,0,2.42,678,771
772SAT32,09/03/2012,03:41:37,08/03/2012,19:41:37,1.528892,566.32292,28,0.33,0,21.8c,3,1.93,814,772
773SAT32,09/03/2012,07:41:34,08/03/2012,23:41:34,1.551202,566.309676,27.5,0.08,0,31.6c,5,1.22,374,773
774SAT32,09/03/2012,11:41:35,09/03/2012,03:41:35,1.527138,566.308478,30.5,0.86,0,40.8c,0,3.07,493,774
775SAT32,09/03/2012,15:41:07,09/03/2012,07:41:07,1.521962,566.304636,31,0.73,0,36.2c,0,5.13,716,775
776SAT32,09/03/2012,19:40:34,09/03/2012,11:40:34,1.532826,566.690668,29,0.86,0,16.0c,5,0.99,1782,776
777SAT32,09/03/2012,23:40:34,09/03/2012,15:40:34,1.539572,566.697747,28,1.92,0,14.2c,5,1.3,985,777
778SAT32,10/03/2012,03:40:59,09/03/2012,19:40:59,1.521809,566.303529,28.5,2.06,0,42.7c,2,1.27,686,778
779SAT32,10/03/2012,07:40:53,09/03/2012,23:40:53,1.521882,566.305663,28,0.56,0,12.0c,1,1.86,194,779
780SAT32,10/03/2012,11:40:53,10/03/2012,03:40:53,1.522727,566.320038,29,0.16,0,8.5cd,3,1.58,617,780
781SAT32,10/03/2012,15:40:34,10/03/2012,07:40:34,1.525321,566.320864,35,0.21,0,12.0c,0,1.23,109,781
782SAT32,10/03/2012,19:40:34,10/03/2012,11:40:34,1.526169,566.322527,30,0.31,0,13.3c,5,0.9,122,782
783SAT32,10/03/2012,23:41:04,10/03/2012,15:41:04,1.550731,566.326268,29,0.01,0,39.7c,5,3.23,512,783
784SAT32,11/03/2012,03:42:05,10/03/2012,19:42:05,1.552293,566.32672,28.5,0.24,0,d23.8,5,1.51,207,784
785SAT32,11/03/2012,07:41:31,10/03/2012,23:41:31,1.553766,566.326887,28,0.64,0,34.8c,1,2.34,143,785
786SAT32,11/03/2012,11:40:34,11/03/2012,03:40:34,1.552955,566.326534,31,0.54,0,10.6c,2,4.09,138,786
787SAT32,11/03/2012,15:43:05,11/03/2012,07:43:05,1.55338,566.322048,31,0.13,0,5.6cd,5,2.2,240,787
788SAT32,11/03/2012,19:42:05,11/03/2012,11:42:05,1.550873,566.326665,30,0.32,0,10.4c,2,1.57,678,788
789SAT32,11/03/2012,23:41:31,11/03/2012,15:41:31,1.552928,566.328356,29.5,0.92,0,25.7c,0,2.86,298,789
790SAT32,12/03/2012,03:41:05,11/03/2012,19:41:05,1.555251,566.32962,28,0.02,0,49.4c,0,1.25,313,790
791SAT32,12/03/2012,07:41:01,11/03/2012,23:41:01,1.558755,566.32988,28,0.32,0,72.9c,5,2.57,369,791
792SAT32,12/03/2012,11:40:34,12/03/2012,03:40:34,1.559529,566.329777,33,0.19,0,7.9cd,0,3.16,89,792
793SAT32,12/03/2012,15:41:17,12/03/2012,07:41:17,1.559711,566.329586,30,1.89,0,6.7cd,4,10.1,28,793
794SAT32,12/03/2012,19:40:34,12/03/2012,11:40:34,1.560018,566.329004,28.5,0.09,0,18.1c,5,0.93,73,794
795SAT32,12/03/2012,23:40:34,12/03/2012,15:40:34,1.560162,566.328933,28,0.37,0,11.9c,5,1.26,18,795
796SAT32,13/03/2012,03:42:06,12/03/2012,19:42:06,1.563026,566.328425,28,1.05,0,37.7c,0,1.56,326,796
797SAT32,13/03/2012,07:40:59,12/03/2012,23:40:59,1.562031,566.329569,28,0.34,0,0.8cd,1,2.84,171,797
798SAT32,13/03/2012,11:40:59,13/03/2012,03:40:59,1.561262,566.329822,30.5,0.24,0,31.2c,4,1.63,90,798
799SAT32,13/03/2012,15:40:34,13/03/2012,07:40:34,1.560768,566.329308,32.5,0.45,0,13.9c,0,1.13,78,799
800SAT32,13/03/2012,19:40:35,13/03/2012,11:40:35,1.560835,566.329026,30.5,0.45,0,d4.5c,2,4.72,33,800
801SAT32,13/03/2012,23:43:29,13/03/2012,15:43:29,1.562087,566.36376,29,0.5,0,13.0c,1,2.23,544,801
802SAT32,14/03/2012,03:40:35,13/03/2012,19:40:35,1.565107,566.363656,28,0.2,0,12.5c,3,2.03,336,802
803SAT32,14/03/2012,07:42:08,13/03/2012,23:42:08,1.56515,566.363985,28,0.98,0,34.4c,5,1.49,37,803
804SAT32,14/03/2012,11:40:34,14/03/2012,03:40:34,1.56572,566.364465,33,0.1,0,17.6c,3,1.21,84,804
805SAT32,14/03/2012,15:42:11,14/03/2012,07:42:11,1.566599,566.364992,34.5,0.4,0,34.3c,5,4.33,112,805
806SAT32,14/03/2012,19:41:04,14/03/2012,11:41:04,1.580071,566.326767,29.5,0.55,0,12.7c,5,1.42,2021,806
807SAT32,14/03/2012,23:40:34,14/03/2012,15:40:34,1.580899,566.362793,27,0.35,0,15.4c,5,1.42,1004,807
808SAT32,15/03/2012,03:40:35,14/03/2012,19:40:35,1.585605,566.36754,27,0.73,0,3.8cd,1,1.82,825,808
809SAT32,15/03/2012,11:42:17,15/03/2012,03:42:17,1.568207,566.367825,30,0.56,0,37.9c,0,9.1,1937,809
810SAT32,15/03/2012,15:40:36,15/03/2012,07:40:36,1.560521,566.332468,29.5,1.66,0,30.6c,5,3.29,947,810
811SAT32,15/03/2012,19:40:34,15/03/2012,11:40:34,1.556797,566.339546,28,0.2,0,13.7c,5,0.95,986,811
812SAT32,15/03/2012,23:41:05,15/03/2012,15:41:05,1.55702,566.336967,28.5,0.12,0,31.6c,5,3.01,286,812
813SAT32,16/03/2012,03:41:07,15/03/2012,19:41:07,1.558137,566.336536,27.5,0.38,0,31.4c,0,1.76,133,813
814SAT32,16/03/2012,07:41:02,15/03/2012,23:41:02,1.559657,566.335686,27.5,0.18,0,d48.2,5,3.9,219,814
815SAT32,16/03/2012,11:41:31,16/03/2012,03:41:31,1.562181,566.335408,30.5,1.42,0,15.5c,3,8.37,281,815
816SAT32,16/03/2012,15:41:04,16/03/2012,07:41:04,1.557152,566.338803,32,0.42,0,17.4c,0,2.43,674,816
817SAT32,16/03/2012,19:40:58,16/03/2012,11:40:58,1.555708,566.338652,31,0.32,0,17.1c,4,3.58,172,817
818SAT32,16/03/2012,23:40:35,16/03/2012,15:40:35,1.557951,566.337082,29.5,0.41,0,85.1c,5,3.38,281,818
819SAT32,17/03/2012,03:40:34,16/03/2012,19:40:34,1.559265,566.336675,28.5,0.11,0,20.8c,0,1.16,153,819
820SAT32,17/03/2012,07:43:05,16/03/2012,23:43:05,1.5609,566.333854,28.5,0.31,0,37.8c,0,2.47,362,820
821SAT32,17/03/2012,11:41:22,17/03/2012,03:41:22,1.559939,566.363666,31,0.82,0,48.3c,0,2.62,1183,821
822SAT32,17/03/2012,15:42:25,17/03/2012,07:42:25,1.525252,566.305972,30,1.61,0,41.4c,0,12.9,2515,822
823SAT32,17/03/2012,19:41:59,17/03/2012,11:41:59,1.521256,566.322966,29.5,0.01,0,d8.8c,2,2.49,795,823
824SAT32,17/03/2012,23:40:53,17/03/2012,15:40:53,1.53965,566.326725,28.5,1.31,0,d11.0,0,7.91,199,824
825SAT32,18/03/2012,03:40:55,17/03/2012,19:40:55,1.539813,566.308072,28.5,0.11,0,72.4c,2,9.81,515,825
826SAT32,18/03/2012,11:42:36,18/03/2012,03:42:36,1.531163,566.699988,29.5,0.71,0,114.9,0,4.97,1315,826
827SAT32,18/03/2012,15:42:59,18/03/2012,07:42:59,1.53,566.300342,30.5,0.32,0,31.9c,0,2.25,135,827
828SAT32,18/03/2012,19:40:34,18/03/2012,11:40:34,1.518088,566.302963,29.5,0.41,0,17.5c,5,0.84,1338,828
829SAT32,18/03/2012,23:40:34,18/03/2012,15:40:34,1.51861,566.304668,28.5,0.2,0,26.2c,5,1.08,305,829
830SAT32,19/03/2012,03:40:34,18/03/2012,19:40:34,1.518235,566.304852,27.5,0.32,0,d3.5c,0,1.34,46,830
831SAT32,19/03/2012,07:40:35,18/03/2012,23:40:35,1.518083,566.3069,28,2.34,0,32.6c,0,2.97,228,831
832SAT32,19/03/2012,11:41:56,19/03/2012,03:41:56,1.517679,566.306562,31,1.62,0,17.2c,4,7.12,62,832
833SAT32,19/03/2012,15:41:04,19/03/2012,07:41:04,1.518637,566.304366,31.5,0.72,0,17.7c,0,1.22,266,833
834SAT32,19/03/2012,19:40:34,19/03/2012,11:40:34,1.519592,566.306865,29,0.72,0,12.9c,5,1.03,194,834
835SAT32,19/03/2012,23:40:34,19/03/2012,15:40:34,1.512757,566.30625,28,0.1,0,46.3c,0,2.76,544,835
836SAT32,20/03/2012,03:40:34,19/03/2012,19:40:34,1.512281,566.30344,27.5,1.1,0,29.3c,1,1.61,152,836
837SAT32,20/03/2012,07:40:34,19/03/2012,23:40:34,1.511737,566.303679,27.5,0.9,0,14.8c,5,1.42,284,837
838SAT32,20/03/2012,11:41:35,20/03/2012,03:41:35,1.503002,566.688962,30,0.09,0,2.7cd,0,1.31,1903,838
839SAT32,20/03/2012,15:40:34,20/03/2012,07:40:34,1.505821,566.689666,31.5,0.31,0,28.1c,0,1.91,318,839
840SAT32,20/03/2012,19:40:34,20/03/2012,11:40:34,1.502181,566.680603,30,0.71,0,19.4c,5,3.29,1080,840
841SAT32,20/03/2012,23:41:06,20/03/2012,15:41:06,1.500511,566.682667,29.5,0.41,0,d4.2c,0,15.9,220,841
842SAT32,21/03/2012,03:40:51,20/03/2012,19:40:51,1.298315,566.684693,28.5,0.79,0,20.0c,0,1.73,415,842
843SAT32,21/03/2012,07:40:53,20/03/2012,23:40:53,1.298357,566.687556,28,0.09,0,16.0c,0,2.53,361,843
844SAT32,21/03/2012,11:41:09,21/03/2012,03:41:09,1.500258,566.30028,30.5,0.85,0,35.1c,2,6.85,1419,844
845SAT32,21/03/2012,11:41:09,21/03/2012,03:41:09,1.500258,566.30028,30.5,0.89,0,35.1c,2,6.85,0,845
846SAT32,21/03/2012,15:42:59,21/03/2012,07:42:59,1.28285,566.30663,31,0.09,0,23.1c,3,1.84,1862,846
847SAT32,21/03/2012,19:41:54,21/03/2012,11:41:54,1.260226,566.694292,30,0.69,0,15.0c,2,2.25,3047,847
848SAT32,21/03/2012,23:40:34,21/03/2012,15:40:34,1.260276,566.692583,29,0.59,0,52.4c,0,2.13,289,848
849SAT32,22/03/2012,03:41:06,21/03/2012,19:41:06,1.261793,566.696666,28.5,0.59,0,19.1c,0,5.65,204,849
850SAT32,22/03/2012,07:41:36,21/03/2012,23:41:36,1.26222,566.689255,27.5,0.02,0,23.4c,0,1.81,387,850
851SAT32,22/03/2012,07:41:36,21/03/2012,23:41:36,1.26222,566.689255,27.5,0,0,23.4c,0,1.81,0,851
852SAT32,22/03/2012,11:41:23,22/03/2012,03:41:23,1.261887,566.68884,31,0.35,0,25.1c,0,2.97,51,852
853SAT32,22/03/2012,15:40:34,22/03/2012,07:40:34,1.256292,566.684687,32,0.85,0,13.9c,0,2.52,784,853
854SAT32,22/03/2012,19:41:30,22/03/2012,11:41:30,1.252737,566.68248,30.5,0.55,0,20.9c,4,5.67,521,854
855SAT32,23/03/2012,07:41:35,22/03/2012,23:41:35,1.261598,566.645359,27,0.32,0,42.2c,4,1.64,4122,855
856SAT32,23/03/2012,15:42:24,23/03/2012,07:42:24,1.270253,566.640433,31.5,1.29,0,40.5c,0,2.62,1127,856
857SAT32,23/03/2012,19:40:34,23/03/2012,11:40:34,1.271832,566.638836,30.5,0.09,0,15.4c,5,1.02,234,857
858SAT32,23/03/2012,23:40:34,23/03/2012,15:40:34,1.272065,566.638927,27.5,0.28,0,21.1c,5,0.9,27,858
859SAT32,24/03/2012,03:41:35,23/03/2012,19:41:35,1.279629,566.644855,27,0.93,0,9.0cd,0,1.96,1070,859
860SAT32,24/03/2012,07:42:08,23/03/2012,23:42:08,1.279197,566.646665,27,1.15,0,10.7c,1,4.58,203,860
861SAT32,24/03/2012,11:41:31,24/03/2012,03:41:31,1.280225,566.647567,29,2.35,0,24.1c,0,5.13,152,861
862SAT32,24/03/2012,15:41:05,24/03/2012,07:41:05,1.280182,566.648069,30,1.23,0,16.3c,0,1.74,56,862
863SAT32,24/03/2012,19:41:29,24/03/2012,11:41:29,1.279923,566.64345,29,0.27,0,d2.3c,2,4.79,508,863
864SAT32,24/03/2012,23:40:34,24/03/2012,15:40:34,1.282522,566.667265,27.5,0.66,0,55.0c,1,2.39,1876,864
865SAT32,25/03/2012,03:41:59,24/03/2012,19:41:59,1.285328,566.667299,28,1.53,0,12.9c,0,3.95,90,865
866SAT32,25/03/2012,07:41:39,24/03/2012,23:41:39,1.282212,566.663995,27.5,0.53,0,10.6c,0,4.24,481,866
867SAT32,25/03/2012,11:40:34,25/03/2012,03:40:34,1.280529,566.660847,31,1.03,0,21.8c,0,2.1,407,867
868SAT32,25/03/2012,15:40:34,25/03/2012,07:40:34,1.280073,566.660683,32.5,0.93,0,19.0c,0,1.64,54,868
869SAT32,25/03/2012,19:40:34,25/03/2012,11:40:34,1.276296,566.625746,29.5,1.13,0,14.1c,5,0.82,690,869
870SAT32,25/03/2012,23:40:59,25/03/2012,15:40:59,1.276129,566.625969,26,0.18,0,43.5c,3,3.63,26,870
871SAT32,26/03/2012,03:40:34,25/03/2012,19:40:34,1.276238,566.627305,25.5,2.18,0,16.2c,0,4.03,156,871
872SAT32,26/03/2012,07:40:34,25/03/2012,23:40:34,1.276876,566.627753,25.5,1.39,0,48.5c,5,2.78,70,872
873SAT32,26/03/2012,11:41:05,26/03/2012,03:41:05,1.27567,566.628266,29.5,0.02,0,12.7c,2,1.94,142,873
874SAT32,26/03/2012,15:41:52,26/03/2012,07:41:52,1.277032,566.626708,31,0.32,0,9.8cd,5,1.55,222,874
875SAT32,26/03/2012,19:40:34,26/03/2012,11:40:34,1.276262,566.626007,30,0.28,0,14.1c,5,1,100,875
876SAT32,26/03/2012,23:40:34,26/03/2012,15:40:34,1.272138,566.62932,27.5,0.15,0,17.9c,3,1.59,448,876
877SAT32,27/03/2012,03:43:40,26/03/2012,19:43:40,1.276807,566.660658,27,0.7,0,25.6c,2,3.45,315,877
878SAT32,27/03/2012,03:43:40,26/03/2012,19:43:40,1.276807,566.660658,27,0.7,0,25.6c,3,3.45,0,878
879SAT32,27/03/2012,03:43:40,26/03/2012,19:43:40,1.276807,566.660658,27,0.7,0,25.6c,2,3.45,0,879
880SAT32,27/03/2012,11:42:40,27/03/2012,03:42:40,1.280999,566.666656,30,2.77,0,38.8c,1,2.15,537,880
881SAT32,27/03/2012,23:42:34,27/03/2012,15:42:34,1.281637,566.629348,26.5,0.42,0,13.9c,0,1.29,373,881
882SAT32,28/03/2012,03:42:42,27/03/2012,19:42:42,1.28277,566.623676,27,2.07,0,d59.2,0,3.87,719,882
883SAT32,28/03/2012,19:43:01,28/03/2012,11:43:01,1.292929,566.607289,28.5,0.97,0,13.0c,0,4.89,1342,883
884SAT32,28/03/2012,23:40:52,28/03/2012,15:40:52,1.293792,566.604668,28,3.47,0,11.6c,0,3.75,352,884
885SAT32,28/03/2012,23:40:52,28/03/2012,15:40:52,1.293792,566.604668,28,3.4,0,11.6c,5,3.75,0,885
886SAT32,29/03/2012,19:41:05,29/03/2012,11:41:05,1.292268,566.603022,28.5,0.68,0,17.0c,0,6.83,200,886
887SAT32,30/03/2012,19:43:38,30/03/2012,11:43:38,1.282705,566.663337,30,1.36,0,23.6c,0,7.56,2412,887
888SAT32,30/03/2012,23:40:35,30/03/2012,15:40:35,1.285105,566.663764,29,1.17,0,18.7c,1,2.9,65,888
889SAT32,31/03/2012,03:44:06,30/03/2012,19:44:06,1.282778,566.663467,29,0.37,0,8.0cd,5,2.71,52,889
890SAT32,04/04/2012,23:42:33,04/04/2012,15:42:33,1.262197,566.239666,28,0.44,0,26.3c,2,3.91,9603,890
891SAT32,08/04/2012,07:43:37,07/04/2012,23:43:37,1.261732,566.285292,26.5,0.2,0,21.3c,3,4.64,5097,891
892SAT32,09/04/2012,23:41:52,09/04/2012,15:41:52,1.270585,566.294692,28.5,0.92,0,34.8c,0,2.6,1442,892
893SAT32,10/04/2012,03:44:04,09/04/2012,19:44:04,1.269296,566.294332,29,0.02,0,14.8c,0,2.53,128,893
894SAT32,10/04/2012,07:41:36,09/04/2012,23:41:36,1.269222,566.294533,28.5,0.42,0,10.9c,0,2.98,36,894
895SAT32,10/04/2012,23:40:34,10/04/2012,15:40:34,1.296012,566.602865,29,0.42,0,8.8cd,0,2.16,3087,895
896SAT32,11/04/2012,19:40:28,11/04/2012,11:40:28,1.261507,566.299282,28,0.32,0,19.7c,3,1.62,3852,896
897SAT32,19/04/2012,23:40:35,19/04/2012,15:40:35,1.502222,566.665078,25.5,0.16,0,21.8c,1,1.95,8715,897
898SAT32,20/04/2012,03:40:34,19/04/2012,19:40:34,1.502238,566.665246,24.5,0.66,0,35.5c,0,1.21,7,898
899SAT32,20/04/2012,07:40:34,19/04/2012,23:40:34,1.502228,566.665075,24.5,0.76,0,6.3cd,3,1.85,7,899
